{
"__comment": "Created by MadstonMagic. � 2015-2018 MadstonMagic. All rights reserved.",
"textures": {
    "texture": "guns/ump45"
},
"elements": [ 
{
    "from": [ 8.25, 7, 3 ],
    "to": [ 9.5, 8.5, 12.75 ],
    "faces": {
        "down":  { "uv": [ 1, 2, 6, 3.5 ], "texture": "#texture" },
        "up":    { "uv": [ 3, 1.5, 4, 5 ], "texture": "#texture" },
        "north": { "uv": [ 4, 4, 5, 5 ], "texture": "#texture" },
        "south": { "uv": [ 3.5, 2.5, 4.5, 3.5 ], "texture": "#texture" },
        "west":  { "uv": [ 2, 2.5, 5.5, 3.5 ], "texture": "#texture" },
        "east":  { "uv": [ 2, 2, 5.5, 3 ], "texture": "#texture" }
    }
},
{
    "from": [ 8.25, 3, 8 ],
    "to": [ 9.5, 7, 10 ],
    "rotation": { "origin": [ 8.25, 7, 8 ], "axis": "x", "angle": -22.5 },
    "faces": {
        "down":  { "uv": [ 1, 2, 6, 3.5 ], "texture": "#texture" },
        "up":    { "uv": [ 3, 1.5, 4, 5 ], "texture": "#texture" },
        "north": { "uv": [ 4, 4, 5, 5 ], "texture": "#texture" },
        "south": { "uv": [ 3.5, 2.5, 4.5, 3.5 ], "texture": "#texture" },
        "west":  { "uv": [ 2, 2.5, 5.5, 3.5 ], "texture": "#texture" },
        "east":  { "uv": [ 2, 2, 5.5, 3 ], "texture": "#texture" }
    }
},
{
    "from": [ 8.25, 2.75, 9.25 ],
    "to": [ 9.5, 3.25, 11.75 ],
    "rotation": { "origin": [ 8.25, 3.25, 9.25 ], "axis": "x", "angle": -22.5 },
    "faces": {
        "down":  { "uv": [ 1, 2, 6, 3.5 ], "texture": "#texture" },
        "up":    { "uv": [ 3, 1.5, 4, 5 ], "texture": "#texture" },
        "north": { "uv": [ 4, 4, 5, 5 ], "texture": "#texture" },
        "south": { "uv": [ 3.5, 2.5, 4.5, 3.5 ], "texture": "#texture" },
        "west":  { "uv": [ 2, 2.5, 5.5, 3.5 ], "texture": "#texture" },
        "east":  { "uv": [ 2, 2, 5.5, 3 ], "texture": "#texture" }
    }
},
{
    "from": [ 8.25, 3.25, 9.25 ],
    "to": [ 9.5, 4.25, 9.75 ],
    "faces": {
        "down":  { "uv": [ 1, 2, 6, 3.5 ], "texture": "#texture" },
        "up":    { "uv": [ 3, 1.5, 4, 5 ], "texture": "#texture" },
        "north": { "uv": [ 4, 4, 5, 5 ], "texture": "#texture" },
        "south": { "uv": [ 3.5, 2.5, 4.5, 3.5 ], "texture": "#texture" },
        "west":  { "uv": [ 2, 2.5, 5.5, 3.5 ], "texture": "#texture" },
        "east":  { "uv": [ 2, 2, 5.5, 3 ], "texture": "#texture" }
    }
},
{
    "from": [ 8.25, 3.5625, 10.5 ],
    "to": [ 9.5, 4.5625, 11 ],
    "rotation": { "origin": [ 8.25, 4.5625, 10.5 ], "axis": "x", "angle": -45 },
    "faces": {
        "down":  { "uv": [ 1, 2, 6, 3.5 ], "texture": "#texture" },
        "up":    { "uv": [ 3, 1.5, 4, 5 ], "texture": "#texture" },
        "north": { "uv": [ 4, 4, 5, 5 ], "texture": "#texture" },
        "south": { "uv": [ 3.5, 2.5, 4.5, 3.5 ], "texture": "#texture" },
        "west":  { "uv": [ 2, 2.5, 5.5, 3.5 ], "texture": "#texture" },
        "east":  { "uv": [ 2, 2, 5.5, 3 ], "texture": "#texture" }
    }
},
{
    "from": [ 8.5, 5.25, 6.5 ],
    "to": [ 9.25, 5.5, 8 ],
    "faces": {
        "down":  { "uv": [ 1, 2, 6, 3.5 ], "texture": "#texture" },
        "up":    { "uv": [ 3, 1.5, 4, 5 ], "texture": "#texture" },
        "north": { "uv": [ 4, 4, 5, 5 ], "texture": "#texture" },
        "south": { "uv": [ 3.5, 2.5, 4.5, 3.5 ], "texture": "#texture" },
        "west":  { "uv": [ 2, 2.5, 5.5, 3.5 ], "texture": "#texture" },
        "east":  { "uv": [ 2, 2, 5.5, 3 ], "texture": "#texture" }
    }
},
{
    "from": [ 8.5, 5.1875, 7.8125 ],
    "to": [ 9.25, 5.4375, 9.8125 ],
    "rotation": { "origin": [ 8.5, 5.4375, 7.8125 ], "axis": "x", "angle": -45 },
    "faces": {
        "down":  { "uv": [ 1, 2, 6, 3.5 ], "texture": "#texture" },
        "up":    { "uv": [ 3, 1.5, 4, 5 ], "texture": "#texture" },
        "north": { "uv": [ 4, 4, 5, 5 ], "texture": "#texture" },
        "south": { "uv": [ 3.5, 2.5, 4.5, 3.5 ], "texture": "#texture" },
        "west":  { "uv": [ 2, 2.5, 5.5, 3.5 ], "texture": "#texture" },
        "east":  { "uv": [ 2, 2, 5.5, 3 ], "texture": "#texture" }
    }
},
{
    "from": [ 8, 5.73, 3.9375 ],
    "to": [ 9.75, 9.73, 5.9375 ],
    "rotation": { "origin": [ 8, 9.73, 3.9375 ], "axis": "x", "angle": 22.5 },
    "faces": {
        "down":  { "uv": [ 1, 2, 6, 3.5 ], "texture": "#texture" },
        "up":    { "uv": [ 3, 1.5, 4, 5 ], "texture": "#texture" },
        "north": { "uv": [ 4, 4, 5, 5 ], "texture": "#texture" },
        "south": { "uv": [ 3.5, 2.5, 4.5, 3.5 ], "texture": "#texture" },
        "west":  { "uv": [ 2, 2.5, 5.5, 3.5 ], "texture": "#texture" },
        "east":  { "uv": [ 2, 2, 5.5, 3 ], "texture": "#texture" }
    }
},
{
    "from": [ 8, 5.25, 4.25 ],
    "to": [ 9.75, 7.25, 5.75 ],
    "faces": {
        "down":  { "uv": [ 1, 2, 6, 3.5 ], "texture": "#texture" },
        "up":    { "uv": [ 3, 1.5, 4, 5 ], "texture": "#texture" },
        "north": { "uv": [ 4, 4, 5, 5 ], "texture": "#texture" },
        "south": { "uv": [ 3.5, 2.5, 4.5, 3.5 ], "texture": "#texture" },
        "west":  { "uv": [ 2, 2.5, 5.5, 3.5 ], "texture": "#texture" },
        "east":  { "uv": [ 2, 2, 5.5, 3 ], "texture": "#texture" }
    }
},
{
    "from": [ 8.5, 6.25, 5.625 ],
    "to": [ 9.25, 6.5, 7.125 ],
    "rotation": { "origin": [ 8.5, 6.5, 5.625 ], "axis": "x", "angle": 45 },
    "faces": {
        "down":  { "uv": [ 1, 2, 6, 3.5 ], "texture": "#texture" },
        "up":    { "uv": [ 3, 1.5, 4, 5 ], "texture": "#texture" },
        "north": { "uv": [ 4, 4, 5, 5 ], "texture": "#texture" },
        "south": { "uv": [ 3.5, 2.5, 4.5, 3.5 ], "texture": "#texture" },
        "west":  { "uv": [ 2, 2.5, 5.5, 3.5 ], "texture": "#texture" },
        "east":  { "uv": [ 2, 2, 5.5, 3 ], "texture": "#texture" }
    }
},
{
    "from": [ 8.75, 6.2, 8 ],
    "to": [ 9, 7.45, 8.5 ],
    "rotation": { "origin": [ 8.75, 7.45, 8 ], "axis": "x", "angle": 22.5 },
    "faces": {
        "down":  { "uv": [ 1, 2, 6, 3.5 ], "texture": "#texture" },
        "up":    { "uv": [ 3, 1.5, 4, 5 ], "texture": "#texture" },
        "north": { "uv": [ 4, 4, 5, 5 ], "texture": "#texture" },
        "south": { "uv": [ 3.5, 2.5, 4.5, 3.5 ], "texture": "#texture" },
        "west":  { "uv": [ 2, 2.5, 5.5, 3.5 ], "texture": "#texture" },
        "east":  { "uv": [ 2, 2, 5.5, 3 ], "texture": "#texture" }
    }
},
{
    "from": [ 8.75, 5.7625, 7.875 ],
    "to": [ 9, 6.7625, 8.125 ],
    "rotation": { "origin": [ 8.75, 6.7625, 7.875 ], "axis": "x", "angle": 45 },
    "faces": {
        "down":  { "uv": [ 1, 2, 6, 3.5 ], "texture": "#texture" },
        "up":    { "uv": [ 3, 1.5, 4, 5 ], "texture": "#texture" },
        "north": { "uv": [ 4, 4, 5, 5 ], "texture": "#texture" },
        "south": { "uv": [ 3.5, 2.5, 4.5, 3.5 ], "texture": "#texture" },
        "west":  { "uv": [ 2, 2.5, 5.5, 3.5 ], "texture": "#texture" },
        "east":  { "uv": [ 2, 2, 5.5, 3 ], "texture": "#texture" }
    }
},
{
    "from": [ 8.75, 5.845, 7.2925 ],
    "to": [ 9, 6.095, 7.9175 ],
    "rotation": { "origin": [ 8.75, 6.095, 7.2925 ], "axis": "x", "angle": -22.5 },
    "faces": {
        "down":  { "uv": [ 1, 2, 6, 3.5 ], "texture": "#texture" },
        "up":    { "uv": [ 3, 1.5, 4, 5 ], "texture": "#texture" },
        "north": { "uv": [ 4, 4, 5, 5 ], "texture": "#texture" },
        "south": { "uv": [ 3.5, 2.5, 4.5, 3.5 ], "texture": "#texture" },
        "west":  { "uv": [ 2, 2.5, 5.5, 3.5 ], "texture": "#texture" },
        "east":  { "uv": [ 2, 2, 5.5, 3 ], "texture": "#texture" }
    }
},
{
    "from": [ 8.25, -2, 3.5 ],
    "to": [ 9.5, 7, 5.5 ],
    "rotation": { "origin": [ 8.25, 7, 3.5 ], "axis": "x", "angle": 22.5 },
    "faces": {
        "down":  { "uv": [ 1, 2, 6, 3.5 ], "texture": "#texture" },
        "up":    { "uv": [ 3, 1.5, 4, 5 ], "texture": "#texture" },
        "north": { "uv": [ 4, 4, 5, 5 ], "texture": "#texture" },
        "south": { "uv": [ 3.5, 2.5, 4.5, 3.5 ], "texture": "#texture" },
        "west":  { "uv": [ 2, 2.5, 5.5, 3.5 ], "texture": "#texture" },
        "east":  { "uv": [ 2, 2, 5.5, 3 ], "texture": "#texture" }
    }
},
{
    "from": [ 8.1875, -2, 4.5 ],
    "to": [ 9.5625, 7, 4.75 ],
    "rotation": { "origin": [ 8.1875, 7, 4.5 ], "axis": "x", "angle": 22.5 },
    "faces": {
        "down":  { "uv": [ 9.25, 1.75, 12.75, 4.5 ], "texture": "#texture" },
        "up":    { "uv": [ 9.5, 1.25, 12.75, 3.5 ], "texture": "#texture" },
        "north": { "uv": [ 10.5, 2.5, 13.25, 4.75 ], "texture": "#texture" },
        "south": { "uv": [ 9.25, 1.5, 12, 4.75 ], "texture": "#texture" },
        "west":  { "uv": [ 9.5, 1.5, 13, 4.5 ], "texture": "#texture" },
        "east":  { "uv": [ 10, 2.75, 12.5, 5.5 ], "texture": "#texture" }
    }
},
{
    "from": [ 8.25, -1.25, -0.25 ],
    "to": [ 9.5, -1, 2.5 ],
    "rotation": { "origin": [ 8.25, -1, -0.25 ], "axis": "x", "angle": 22.5 },
    "faces": {
        "down":  { "uv": [ 1, 2, 6, 3.5 ], "texture": "#texture" },
        "up":    { "uv": [ 3, 1.5, 4, 5 ], "texture": "#texture" },
        "north": { "uv": [ 4, 4, 5, 5 ], "texture": "#texture" },
        "south": { "uv": [ 3.5, 2.5, 4.5, 3.5 ], "texture": "#texture" },
        "west":  { "uv": [ 2, 2.5, 5.5, 3.5 ], "texture": "#texture" },
        "east":  { "uv": [ 2, 2, 5.5, 3 ], "texture": "#texture" }
    }
},
{
    "from": [ 8.25, -1.5425, -0.27 ],
    "to": [ 9.5, -1.0425, 1.23 ],
    "rotation": { "origin": [ 8.25, -1.0425, -0.27 ], "axis": "x", "angle": -45 },
    "faces": {
        "down":  { "uv": [ 1, 2, 6, 3.5 ], "texture": "#texture" },
        "up":    { "uv": [ 3, 1.5, 4, 5 ], "texture": "#texture" },
        "north": { "uv": [ 4, 4, 5, 5 ], "texture": "#texture" },
        "south": { "uv": [ 3.5, 2.5, 4.5, 3.5 ], "texture": "#texture" },
        "west":  { "uv": [ 2, 2.5, 5.5, 3.5 ], "texture": "#texture" },
        "east":  { "uv": [ 2, 2, 5.5, 3 ], "texture": "#texture" }
    }
},
{
    "from": [ 8.25, -2.03, 1.7925 ],
    "to": [ 9.5, -0.53, 2.2925 ],
    "faces": {
        "down":  { "uv": [ 1, 2, 6, 3.5 ], "texture": "#texture" },
        "up":    { "uv": [ 3, 1.5, 4, 5 ], "texture": "#texture" },
        "north": { "uv": [ 4, 4, 5, 5 ], "texture": "#texture" },
        "south": { "uv": [ 3.5, 2.5, 4.5, 3.5 ], "texture": "#texture" },
        "west":  { "uv": [ 2, 2.5, 5.5, 3.5 ], "texture": "#texture" },
        "east":  { "uv": [ 2, 2, 5.5, 3 ], "texture": "#texture" }
    }
},
{
    "from": [ 8.5, 4.25, 4.75 ],
    "to": [ 9.25, 5.5, 5.25 ],
    "faces": {
        "down":  { "uv": [ 1, 2, 6, 3.5 ], "texture": "#texture" },
        "up":    { "uv": [ 3, 1.5, 4, 5 ], "texture": "#texture" },
        "north": { "uv": [ 4, 4, 5, 5 ], "texture": "#texture" },
        "south": { "uv": [ 3.5, 2.5, 4.5, 3.5 ], "texture": "#texture" },
        "west":  { "uv": [ 2, 2.5, 5.5, 3.5 ], "texture": "#texture" },
        "east":  { "uv": [ 2, 2, 5.5, 3 ], "texture": "#texture" }
    }
},
{
    "from": [ 8, 8.5, 0 ],
    "to": [ 9.75, 10, 14.25 ],
    "faces": {
        "down":  { "uv": [ 1, 2, 6, 3.5 ], "texture": "#texture" },
        "up":    { "uv": [ 3, 1.5, 4, 5 ], "texture": "#texture" },
        "north": { "uv": [ 4, 4, 5, 5 ], "texture": "#texture" },
        "south": { "uv": [ 3.5, 2.5, 4.5, 3.5 ], "texture": "#texture" },
        "west":  { "uv": [ 2, 2.5, 5.5, 3.5 ], "texture": "#texture" },
        "east":  { "uv": [ 2, 2, 5.5, 3 ], "texture": "#texture" }
    }
},
{
    "from": [ 8, 7.25, 3 ],
    "to": [ 9.75, 9, 5.75 ],
    "faces": {
        "down":  { "uv": [ 1, 2, 6, 3.5 ], "texture": "#texture" },
        "up":    { "uv": [ 3, 1.5, 4, 5 ], "texture": "#texture" },
        "north": { "uv": [ 4, 4, 5, 5 ], "texture": "#texture" },
        "south": { "uv": [ 3.5, 2.5, 4.5, 3.5 ], "texture": "#texture" },
        "west":  { "uv": [ 2, 2.5, 5.5, 3.5 ], "texture": "#texture" },
        "east":  { "uv": [ 2, 2, 5.5, 3 ], "texture": "#texture" }
    }
},
{
    "from": [ 8.25, 5.75, 9.5 ],
    "to": [ 9.5, 6.75, 10.75 ],
    "rotation": { "origin": [ 8.25, 6.75, 9.5 ], "axis": "x", "angle": -45 },
    "faces": {
        "down":  { "uv": [ 1, 2, 6, 3.5 ], "texture": "#texture" },
        "up":    { "uv": [ 3, 1.5, 4, 5 ], "texture": "#texture" },
        "north": { "uv": [ 4, 4, 5, 5 ], "texture": "#texture" },
        "south": { "uv": [ 3.5, 2.5, 4.5, 3.5 ], "texture": "#texture" },
        "west":  { "uv": [ 2, 2.5, 5.5, 3.5 ], "texture": "#texture" },
        "east":  { "uv": [ 2, 2, 5.5, 3 ], "texture": "#texture" }
    }
},
{
    "from": [ 8.25, 6.5, 10.25 ],
    "to": [ 9.5, 7, 12.5 ],
    "rotation": { "origin": [ 8.25, 7, 10.25 ], "axis": "x", "angle": -22.5 },
    "faces": {
        "down":  { "uv": [ 1, 2, 6, 3.5 ], "texture": "#texture" },
        "up":    { "uv": [ 3, 1.5, 4, 5 ], "texture": "#texture" },
        "north": { "uv": [ 4, 4, 5, 5 ], "texture": "#texture" },
        "south": { "uv": [ 3.5, 2.5, 4.5, 3.5 ], "texture": "#texture" },
        "west":  { "uv": [ 2, 2.5, 5.5, 3.5 ], "texture": "#texture" },
        "east":  { "uv": [ 2, 2, 5.5, 3 ], "texture": "#texture" }
    }
},
{
    "from": [ 8.25, 5.5, 10.25 ],
    "to": [ 9.5, 6.75, 10.75 ],
    "faces": {
        "down":  { "uv": [ 1, 2, 6, 3.5 ], "texture": "#texture" },
        "up":    { "uv": [ 3, 1.5, 4, 5 ], "texture": "#texture" },
        "north": { "uv": [ 4, 4, 5, 5 ], "texture": "#texture" },
        "south": { "uv": [ 3.5, 2.5, 4.5, 3.5 ], "texture": "#texture" },
        "west":  { "uv": [ 2, 2.5, 5.5, 3.5 ], "texture": "#texture" },
        "east":  { "uv": [ 2, 2, 5.5, 3 ], "texture": "#texture" }
    }
},
{
    "from": [ 8.25, 10, 2 ],
    "to": [ 9.5, 11, 12.75 ],
    "faces": {
        "down":  { "uv": [ 1, 2, 6, 3.5 ], "texture": "#texture" },
        "up":    { "uv": [ 3, 1.5, 4, 5 ], "texture": "#texture" },
        "north": { "uv": [ 4, 4, 5, 5 ], "texture": "#texture" },
        "south": { "uv": [ 3.5, 2.5, 4.5, 3.5 ], "texture": "#texture" },
        "west":  { "uv": [ 2, 2.5, 5.5, 3.5 ], "texture": "#texture" },
        "east":  { "uv": [ 2, 2, 5.5, 3 ], "texture": "#texture" }
    }
},
{
    "from": [ 8.25, 8, 2.5 ],
    "to": [ 9.5, 8.5, 3 ],
    "faces": {
        "down":  { "uv": [ 1, 2, 6, 3.5 ], "texture": "#texture" },
        "up":    { "uv": [ 3, 1.5, 4, 5 ], "texture": "#texture" },
        "north": { "uv": [ 4, 4, 5, 5 ], "texture": "#texture" },
        "south": { "uv": [ 3.5, 2.5, 4.5, 3.5 ], "texture": "#texture" },
        "west":  { "uv": [ 2, 2.5, 5.5, 3.5 ], "texture": "#texture" },
        "east":  { "uv": [ 2, 2, 5.5, 3 ], "texture": "#texture" }
    }
},
{
    "from": [ 8, 7.5, 1.4375 ],
    "to": [ 9.75, 8.5, 2.4375 ],
    "faces": {
        "down":  { "uv": [ 1, 2, 6, 3.5 ], "texture": "#texture" },
        "up":    { "uv": [ 3, 1.5, 4, 5 ], "texture": "#texture" },
        "north": { "uv": [ 4, 4, 5, 5 ], "texture": "#texture" },
        "south": { "uv": [ 3.5, 2.5, 4.5, 3.5 ], "texture": "#texture" },
        "west":  { "uv": [ 2, 2.5, 5.5, 3.5 ], "texture": "#texture" },
        "east":  { "uv": [ 2, 2, 5.5, 3 ], "texture": "#texture" }
    }
},
{
    "from": [ 8, 8.355, 0.9175 ],
    "to": [ 9.75, 9.105, 2.4175 ],
    "rotation": { "origin": [ 8, 9.105, 0.9175 ], "axis": "x", "angle": 45 },
    "faces": {
        "down":  { "uv": [ 1, 2, 6, 3.5 ], "texture": "#texture" },
        "up":    { "uv": [ 3, 1.5, 4, 5 ], "texture": "#texture" },
        "north": { "uv": [ 4, 4, 5, 5 ], "texture": "#texture" },
        "south": { "uv": [ 3.5, 2.5, 4.5, 3.5 ], "texture": "#texture" },
        "west":  { "uv": [ 2, 2.5, 5.5, 3.5 ], "texture": "#texture" },
        "east":  { "uv": [ 2, 2, 5.5, 3 ], "texture": "#texture" }
    }
},
{
    "from": [ 8.25, 6.6875, 11.875 ],
    "to": [ 9.5, 7.9375, 13.9375 ],
    "rotation": { "origin": [ 8.25, 7.9375, 11.875 ], "axis": "x", "angle": -45 },
    "faces": {
        "down":  { "uv": [ 1, 2, 6, 3.5 ], "texture": "#texture" },
        "up":    { "uv": [ 3, 1.5, 4, 5 ], "texture": "#texture" },
        "north": { "uv": [ 4, 4, 5, 5 ], "texture": "#texture" },
        "south": { "uv": [ 3.5, 2.5, 4.5, 3.5 ], "texture": "#texture" },
        "west":  { "uv": [ 2, 2.5, 5.5, 3.5 ], "texture": "#texture" },
        "east":  { "uv": [ 2, 2, 5.5, 3 ], "texture": "#texture" }
    }
},
{
    "from": [ 8.25, 9.75, 12.75 ],
    "to": [ 9.5, 11, 14 ],
    "rotation": { "origin": [ 8.25, 11, 12.75 ], "axis": "x", "angle": 45 },
    "faces": {
        "down":  { "uv": [ 1, 2, 6, 3.5 ], "texture": "#texture" },
        "up":    { "uv": [ 3, 1.5, 4, 5 ], "texture": "#texture" },
        "north": { "uv": [ 4, 4, 5, 5 ], "texture": "#texture" },
        "south": { "uv": [ 3.5, 2.5, 4.5, 3.5 ], "texture": "#texture" },
        "west":  { "uv": [ 2, 2.5, 5.5, 3.5 ], "texture": "#texture" },
        "east":  { "uv": [ 2, 2, 5.5, 3 ], "texture": "#texture" }
    }
},
{
    "from": [ 8.25, 9.25, 13 ],
    "to": [ 9.5, 10.5, 14.25 ],
    "rotation": { "origin": [ 8.25, 10.5, 13 ], "axis": "x", "angle": 22.5 },
    "faces": {
        "down":  { "uv": [ 1, 2, 6, 3.5 ], "texture": "#texture" },
        "up":    { "uv": [ 3, 1.5, 4, 5 ], "texture": "#texture" },
        "north": { "uv": [ 4, 4, 5, 5 ], "texture": "#texture" },
        "south": { "uv": [ 3.5, 2.5, 4.5, 3.5 ], "texture": "#texture" },
        "west":  { "uv": [ 2, 2.5, 5.5, 3.5 ], "texture": "#texture" },
        "east":  { "uv": [ 2, 2, 5.5, 3 ], "texture": "#texture" }
    }
},
{
    "from": [ 8, 9.5, 14.25 ],
    "to": [ 9.75, 10, 22 ],
    "faces": {
        "down":  { "uv": [ 1, 2, 6, 3.5 ], "texture": "#texture" },
        "up":    { "uv": [ 3, 1.5, 4, 5 ], "texture": "#texture" },
        "north": { "uv": [ 4, 4, 5, 5 ], "texture": "#texture" },
        "south": { "uv": [ 3.5, 2.5, 4.5, 3.5 ], "texture": "#texture" },
        "west":  { "uv": [ 2, 2.5, 5.5, 3.5 ], "texture": "#texture" },
        "east":  { "uv": [ 2, 2, 5.5, 3 ], "texture": "#texture" }
    }
},
{
    "from": [ 8.75, 8.31, 13.71 ],
    "to": [ 9, 9.81, 16.46 ],
    "rotation": { "origin": [ 8.75, 9.81, 13.71 ], "axis": "x", "angle": 22.5 },
    "faces": {
        "down":  { "uv": [ 1, 2, 6, 3.5 ], "texture": "#texture" },
        "up":    { "uv": [ 3, 1.5, 4, 5 ], "texture": "#texture" },
        "north": { "uv": [ 4, 4, 5, 5 ], "texture": "#texture" },
        "south": { "uv": [ 3.5, 2.5, 4.5, 3.5 ], "texture": "#texture" },
        "west":  { "uv": [ 2, 2.5, 5.5, 3.5 ], "texture": "#texture" },
        "east":  { "uv": [ 2, 2, 5.5, 3 ], "texture": "#texture" }
    }
},
{
    "from": [ 8.75, 8.75, 13.5 ],
    "to": [ 9, 9.75, 16.25 ],
    "faces": {
        "down":  { "uv": [ 1, 2, 6, 3.5 ], "texture": "#texture" },
        "up":    { "uv": [ 3, 1.5, 4, 5 ], "texture": "#texture" },
        "north": { "uv": [ 4, 4, 5, 5 ], "texture": "#texture" },
        "south": { "uv": [ 3.5, 2.5, 4.5, 3.5 ], "texture": "#texture" },
        "west":  { "uv": [ 2, 2.5, 5.5, 3.5 ], "texture": "#texture" },
        "east":  { "uv": [ 2, 2, 5.5, 3 ], "texture": "#texture" }
    }
},
{
    "from": [ 8, 8.75, 12.25 ],
    "to": [ 9.75, 9.25, 22.25 ],
    "rotation": { "origin": [ 8, 9.25, 12.25 ], "axis": "x", "angle": 22.5 },
    "faces": {
        "down":  { "uv": [ 1, 2, 6, 3.5 ], "texture": "#texture" },
        "up":    { "uv": [ 3, 1.5, 4, 5 ], "texture": "#texture" },
        "north": { "uv": [ 4, 4, 5, 5 ], "texture": "#texture" },
        "south": { "uv": [ 3.5, 2.5, 4.5, 3.5 ], "texture": "#texture" },
        "west":  { "uv": [ 2, 2.5, 5.5, 3.5 ], "texture": "#texture" },
        "east":  { "uv": [ 2, 2, 5.5, 3 ], "texture": "#texture" }
    }
},
{
    "from": [ 8.75, 6.5, 17.75 ],
    "to": [ 9, 9.5, 18.5 ],
    "faces": {
        "down":  { "uv": [ 1, 2, 6, 3.5 ], "texture": "#texture" },
        "up":    { "uv": [ 3, 1.5, 4, 5 ], "texture": "#texture" },
        "north": { "uv": [ 4, 4, 5, 5 ], "texture": "#texture" },
        "south": { "uv": [ 3.5, 2.5, 4.5, 3.5 ], "texture": "#texture" },
        "west":  { "uv": [ 2, 2.5, 5.5, 3.5 ], "texture": "#texture" },
        "east":  { "uv": [ 2, 2, 5.5, 3 ], "texture": "#texture" }
    }
},
{
    "from": [ 8.75, 6.75, 17.75 ],
    "to": [ 9, 7.5, 18.5 ],
    "rotation": { "origin": [ 8.75, 7.5, 17.75 ], "axis": "x", "angle": 45 },
    "faces": {
        "down":  { "uv": [ 1, 2, 6, 3.5 ], "texture": "#texture" },
        "up":    { "uv": [ 3, 1.5, 4, 5 ], "texture": "#texture" },
        "north": { "uv": [ 4, 4, 5, 5 ], "texture": "#texture" },
        "south": { "uv": [ 3.5, 2.5, 4.5, 3.5 ], "texture": "#texture" },
        "west":  { "uv": [ 2, 2.5, 5.5, 3.5 ], "texture": "#texture" },
        "east":  { "uv": [ 2, 2, 5.5, 3 ], "texture": "#texture" }
    }
},
{
    "from": [ 8.75, 9.5, 17.5 ],
    "to": [ 9, 10, 18.5 ],
    "rotation": { "origin": [ 8.75, 10, 17.5 ], "axis": "x", "angle": 45 },
    "faces": {
        "down":  { "uv": [ 1, 2, 6, 3.5 ], "texture": "#texture" },
        "up":    { "uv": [ 3, 1.5, 4, 5 ], "texture": "#texture" },
        "north": { "uv": [ 4, 4, 5, 5 ], "texture": "#texture" },
        "south": { "uv": [ 3.5, 2.5, 4.5, 3.5 ], "texture": "#texture" },
        "west":  { "uv": [ 2, 2.5, 5.5, 3.5 ], "texture": "#texture" },
        "east":  { "uv": [ 2, 2, 5.5, 3 ], "texture": "#texture" }
    }
},
{
    "from": [ 8, 4.9375, 22 ],
    "to": [ 9.75, 9.5, 22.5 ],
    "faces": {
        "down":  { "uv": [ 1, 2, 6, 3.5 ], "texture": "#texture" },
        "up":    { "uv": [ 3, 1.5, 4, 5 ], "texture": "#texture" },
        "north": { "uv": [ 4, 4, 5, 5 ], "texture": "#texture" },
        "south": { "uv": [ 3.5, 2.5, 4.5, 3.5 ], "texture": "#texture" },
        "west":  { "uv": [ 2, 2.5, 5.5, 3.5 ], "texture": "#texture" },
        "east":  { "uv": [ 2, 2, 5.5, 3 ], "texture": "#texture" }
    }
},
{
    "from": [ 8, 4.9375, 21.25 ],
    "to": [ 9.75, 5.4375, 22 ],
    "faces": {
        "down":  { "uv": [ 1, 2, 6, 3.5 ], "texture": "#texture" },
        "up":    { "uv": [ 3, 1.5, 4, 5 ], "texture": "#texture" },
        "north": { "uv": [ 4, 4, 5, 5 ], "texture": "#texture" },
        "south": { "uv": [ 3.5, 2.5, 4.5, 3.5 ], "texture": "#texture" },
        "west":  { "uv": [ 2, 2.5, 5.5, 3.5 ], "texture": "#texture" },
        "east":  { "uv": [ 2, 2, 5.5, 3 ], "texture": "#texture" }
    }
},
{
    "from": [ 8, 9.5, 22 ],
    "to": [ 9.75, 10, 22.7 ],
    "rotation": { "origin": [ 8, 10, 22 ], "axis": "x", "angle": 45 },
    "faces": {
        "down":  { "uv": [ 1, 2, 6, 3.5 ], "texture": "#texture" },
        "up":    { "uv": [ 3, 1.5, 4, 5 ], "texture": "#texture" },
        "north": { "uv": [ 4, 4, 5, 5 ], "texture": "#texture" },
        "south": { "uv": [ 3.5, 2.5, 4.5, 3.5 ], "texture": "#texture" },
        "west":  { "uv": [ 2, 2.5, 5.5, 3.5 ], "texture": "#texture" },
        "east":  { "uv": [ 2, 2, 5.5, 3 ], "texture": "#texture" }
    }
},
{
    "from": [ 8, 5, 22.5 ],
    "to": [ 9.75, 10, 23 ],
    "faces": {
        "down":  { "uv": [ 8.5, 1.75, 12, 4.5 ], "texture": "#texture" },
        "up":    { "uv": [ 10.25, 2.75, 12.5, 5 ], "texture": "#texture" },
        "north": { "uv": [ 9.25, 3, 11, 4.75 ], "texture": "#texture" },
        "south": { "uv": [ 8.5, 1.75, 11, 4.75 ], "texture": "#texture" },
        "west":  { "uv": [ 8.5, 2.25, 12, 4.25 ], "texture": "#texture" },
        "east":  { "uv": [ 8.25, 1.75, 11.75, 4 ], "texture": "#texture" }
    }
},
{
    "from": [ 7.75, 5.25, 22.5 ],
    "to": [ 10, 9.75, 23 ],
    "faces": {
        "down":  { "uv": [ 8.5, 1.75, 12, 4.5 ], "texture": "#texture" },
        "up":    { "uv": [ 10.25, 2.75, 12.5, 5 ], "texture": "#texture" },
        "north": { "uv": [ 9.25, 3, 11, 4.75 ], "texture": "#texture" },
        "south": { "uv": [ 8.5, 1.75, 11, 4.75 ], "texture": "#texture" },
        "west":  { "uv": [ 8.5, 2.25, 12, 4.25 ], "texture": "#texture" },
        "east":  { "uv": [ 8.25, 1.75, 11.75, 4 ], "texture": "#texture" }
    }
},
{
    "from": [ 8.75, 4.75, 21.25 ],
    "to": [ 9, 5.5, 22.5 ],
    "rotation": { "origin": [ 8.75, 5.5, 21.25 ], "axis": "x", "angle": -45 },
    "faces": {
        "down":  { "uv": [ 1, 2, 6, 3.5 ], "texture": "#texture" },
        "up":    { "uv": [ 3, 1.5, 4, 5 ], "texture": "#texture" },
        "north": { "uv": [ 4, 4, 5, 5 ], "texture": "#texture" },
        "south": { "uv": [ 3.5, 2.5, 4.5, 3.5 ], "texture": "#texture" },
        "west":  { "uv": [ 2, 2.5, 5.5, 3.5 ], "texture": "#texture" },
        "east":  { "uv": [ 2, 2, 5.5, 3 ], "texture": "#texture" }
    }
},
{
    "from": [ 8.1875, 3.25, 8.75 ],
    "to": [ 9.5625, 6, 10.1875 ],
    "rotation": { "origin": [ 8.1875, 6, 8.75 ], "axis": "x", "angle": -22.5 },
    "faces": {
        "down":  { "uv": [ 8.5, 1.75, 12, 4.5 ], "texture": "#texture" },
        "up":    { "uv": [ 10.25, 2.75, 12.5, 5 ], "texture": "#texture" },
        "north": { "uv": [ 9.25, 3, 11, 4.75 ], "texture": "#texture" },
        "south": { "uv": [ 8.5, 1.75, 11, 4.75 ], "texture": "#texture" },
        "west":  { "uv": [ 8.5, 2.25, 12, 4.25 ], "texture": "#texture" },
        "east":  { "uv": [ 8.25, 1.75, 11.75, 4 ], "texture": "#texture" }
    }
},
{
    "from": [ 8.1875, 6, 8.75 ],
    "to": [ 9.5625, 6.75, 10.25 ],
    "faces": {
        "down":  { "uv": [ 8.5, 1.75, 12, 4.5 ], "texture": "#texture" },
        "up":    { "uv": [ 10.25, 2.75, 12.5, 5 ], "texture": "#texture" },
        "north": { "uv": [ 9.25, 3, 11, 4.75 ], "texture": "#texture" },
        "south": { "uv": [ 8.5, 1.75, 11, 4.75 ], "texture": "#texture" },
        "west":  { "uv": [ 8.5, 2.25, 12, 4.25 ], "texture": "#texture" },
        "east":  { "uv": [ 8.25, 1.75, 11.75, 4 ], "texture": "#texture" }
    }
},
{
    "from": [ 7.5, 8.25, 13 ],
    "to": [ 8, 10, 13.5 ],
    "faces": {
        "down":  { "uv": [ 1, 2, 6, 3.5 ], "texture": "#texture" },
        "up":    { "uv": [ 3, 1.5, 4, 5 ], "texture": "#texture" },
        "north": { "uv": [ 4, 4, 5, 5 ], "texture": "#texture" },
        "south": { "uv": [ 3.5, 2.5, 4.5, 3.5 ], "texture": "#texture" },
        "west":  { "uv": [ 2, 2.5, 5.5, 3.5 ], "texture": "#texture" },
        "east":  { "uv": [ 2, 2, 5.5, 3 ], "texture": "#texture" }
    }
},
{
    "from": [ 8.1675, 8.25, 11.4175 ],
    "to": [ 8.6675, 8.75, 13.1675 ],
    "rotation": { "origin": [ 8.1675, 8.25, 11.4175 ], "axis": "y", "angle": -22.5 },
    "faces": {
        "down":  { "uv": [ 1, 2, 6, 3.5 ], "texture": "#texture" },
        "up":    { "uv": [ 3, 1.5, 4, 5 ], "texture": "#texture" },
        "north": { "uv": [ 4, 4, 5, 5 ], "texture": "#texture" },
        "south": { "uv": [ 3.5, 2.5, 4.5, 3.5 ], "texture": "#texture" },
        "west":  { "uv": [ 2, 2.5, 5.5, 3.5 ], "texture": "#texture" },
        "east":  { "uv": [ 2, 2, 5.5, 3 ], "texture": "#texture" }
    }
},
{
    "from": [ 8.1675, 9.5, 11.4175 ],
    "to": [ 8.6675, 10, 13.1675 ],
    "rotation": { "origin": [ 8.1675, 9.5, 11.4175 ], "axis": "y", "angle": -22.5 },
    "faces": {
        "down":  { "uv": [ 1, 2, 6, 3.5 ], "texture": "#texture" },
        "up":    { "uv": [ 3, 1.5, 4, 5 ], "texture": "#texture" },
        "north": { "uv": [ 4, 4, 5, 5 ], "texture": "#texture" },
        "south": { "uv": [ 3.5, 2.5, 4.5, 3.5 ], "texture": "#texture" },
        "west":  { "uv": [ 2, 2.5, 5.5, 3.5 ], "texture": "#texture" },
        "east":  { "uv": [ 2, 2, 5.5, 3 ], "texture": "#texture" }
    }
},
{
    "from": [ 7.625, 8.5, 13.25 ],
    "to": [ 8.125, 9.5, 14.25 ],
    "rotation": { "origin": [ 7.625, 8.5, 13.25 ], "axis": "y", "angle": 22.5 },
    "faces": {
        "down":  { "uv": [ 8.5, 1.75, 12, 4.5 ], "texture": "#texture" },
        "up":    { "uv": [ 10.25, 2.75, 12.5, 5 ], "texture": "#texture" },
        "north": { "uv": [ 9.25, 3, 11, 4.75 ], "texture": "#texture" },
        "south": { "uv": [ 8.5, 1.75, 11, 4.75 ], "texture": "#texture" },
        "west":  { "uv": [ 8.5, 2.25, 12, 4.25 ], "texture": "#texture" },
        "east":  { "uv": [ 8.25, 1.75, 11.75, 4 ], "texture": "#texture" }
    }
},
{
    "from": [ 8, 10, 10.25 ],
    "to": [ 8.25, 12, 11.25 ],
    "faces": {
        "down":  { "uv": [ 1, 2, 6, 3.5 ], "texture": "#texture" },
        "up":    { "uv": [ 3, 1.5, 4, 5 ], "texture": "#texture" },
        "north": { "uv": [ 4, 4, 5, 5 ], "texture": "#texture" },
        "south": { "uv": [ 3.5, 2.5, 4.5, 3.5 ], "texture": "#texture" },
        "west":  { "uv": [ 2, 2.5, 5.5, 3.5 ], "texture": "#texture" },
        "east":  { "uv": [ 2, 2, 5.5, 3 ], "texture": "#texture" }
    }
},
{
    "from": [ 8, 10, 11 ],
    "to": [ 8.25, 11, 12.5 ],
    "faces": {
        "down":  { "uv": [ 1, 2, 6, 3.5 ], "texture": "#texture" },
        "up":    { "uv": [ 3, 1.5, 4, 5 ], "texture": "#texture" },
        "north": { "uv": [ 4, 4, 5, 5 ], "texture": "#texture" },
        "south": { "uv": [ 3.5, 2.5, 4.5, 3.5 ], "texture": "#texture" },
        "west":  { "uv": [ 2, 2.5, 5.5, 3.5 ], "texture": "#texture" },
        "east":  { "uv": [ 2, 2, 5.5, 3 ], "texture": "#texture" }
    }
},
{
    "from": [ 8, 11, 11.25 ],
    "to": [ 8.25, 12, 12.75 ],
    "rotation": { "origin": [ 8, 12, 11.25 ], "axis": "x", "angle": 45 },
    "faces": {
        "down":  { "uv": [ 1, 2, 6, 3.5 ], "texture": "#texture" },
        "up":    { "uv": [ 3, 1.5, 4, 5 ], "texture": "#texture" },
        "north": { "uv": [ 4, 4, 5, 5 ], "texture": "#texture" },
        "south": { "uv": [ 3.5, 2.5, 4.5, 3.5 ], "texture": "#texture" },
        "west":  { "uv": [ 2, 2.5, 5.5, 3.5 ], "texture": "#texture" },
        "east":  { "uv": [ 2, 2, 5.5, 3 ], "texture": "#texture" }
    }
},
{
    "from": [ 9.5, 10, 10.25 ],
    "to": [ 9.75, 12, 11.25 ],
    "faces": {
        "down":  { "uv": [ 1, 2, 6, 3.5 ], "texture": "#texture" },
        "up":    { "uv": [ 3, 1.5, 4, 5 ], "texture": "#texture" },
        "north": { "uv": [ 4, 4, 5, 5 ], "texture": "#texture" },
        "south": { "uv": [ 3.5, 2.5, 4.5, 3.5 ], "texture": "#texture" },
        "west":  { "uv": [ 2, 2.5, 5.5, 3.5 ], "texture": "#texture" },
        "east":  { "uv": [ 2, 2, 5.5, 3 ], "texture": "#texture" }
    }
},
{
    "from": [ 9.5, 10, 11 ],
    "to": [ 9.75, 11, 12.5 ],
    "faces": {
        "down":  { "uv": [ 1, 2, 6, 3.5 ], "texture": "#texture" },
        "up":    { "uv": [ 3, 1.5, 4, 5 ], "texture": "#texture" },
        "north": { "uv": [ 4, 4, 5, 5 ], "texture": "#texture" },
        "south": { "uv": [ 3.5, 2.5, 4.5, 3.5 ], "texture": "#texture" },
        "west":  { "uv": [ 2, 2.5, 5.5, 3.5 ], "texture": "#texture" },
        "east":  { "uv": [ 2, 2, 5.5, 3 ], "texture": "#texture" }
    }
},
{
    "from": [ 9.5, 11, 11.25 ],
    "to": [ 9.75, 12, 12.75 ],
    "rotation": { "origin": [ 9.5, 12, 11.25 ], "axis": "x", "angle": 45 },
    "faces": {
        "down":  { "uv": [ 1, 2, 6, 3.5 ], "texture": "#texture" },
        "up":    { "uv": [ 3, 1.5, 4, 5 ], "texture": "#texture" },
        "north": { "uv": [ 4, 4, 5, 5 ], "texture": "#texture" },
        "south": { "uv": [ 3.5, 2.5, 4.5, 3.5 ], "texture": "#texture" },
        "west":  { "uv": [ 2, 2.5, 5.5, 3.5 ], "texture": "#texture" },
        "east":  { "uv": [ 2, 2, 5.5, 3 ], "texture": "#texture" }
    }
},
{
    "from": [ 8.25, 11, 10.75 ],
    "to": [ 8.5, 11.75, 11 ],
    "faces": {
        "down":  { "uv": [ 1, 2, 6, 3.5 ], "texture": "#texture" },
        "up":    { "uv": [ 3, 1.5, 4, 5 ], "texture": "#texture" },
        "north": { "uv": [ 4, 4, 5, 5 ], "texture": "#texture" },
        "south": { "uv": [ 3.5, 2.5, 4.5, 3.5 ], "texture": "#texture" },
        "west":  { "uv": [ 2, 2.5, 5.5, 3.5 ], "texture": "#texture" },
        "east":  { "uv": [ 2, 2, 5.5, 3 ], "texture": "#texture" }
    }
},
{
    "from": [ 9.25, 11, 10.75 ],
    "to": [ 9.5, 11.75, 11 ],
    "faces": {
        "down":  { "uv": [ 1, 2, 6, 3.5 ], "texture": "#texture" },
        "up":    { "uv": [ 3, 1.5, 4, 5 ], "texture": "#texture" },
        "north": { "uv": [ 4, 4, 5, 5 ], "texture": "#texture" },
        "south": { "uv": [ 3.5, 2.5, 4.5, 3.5 ], "texture": "#texture" },
        "west":  { "uv": [ 2, 2.5, 5.5, 3.5 ], "texture": "#texture" },
        "east":  { "uv": [ 2, 2, 5.5, 3 ], "texture": "#texture" }
    }
},
{
    "from": [ 8.5, 11.75, 10.75 ],
    "to": [ 9.25, 12, 11 ],
    "faces": {
        "down":  { "uv": [ 1, 2, 6, 3.5 ], "texture": "#texture" },
        "up":    { "uv": [ 3, 1.5, 4, 5 ], "texture": "#texture" },
        "north": { "uv": [ 4, 4, 5, 5 ], "texture": "#texture" },
        "south": { "uv": [ 3.5, 2.5, 4.5, 3.5 ], "texture": "#texture" },
        "west":  { "uv": [ 2, 2.5, 5.5, 3.5 ], "texture": "#texture" },
        "east":  { "uv": [ 2, 2, 5.5, 3 ], "texture": "#texture" }
    }
},
{
    "from": [ 8.25, 11.5, 10.75 ],
    "to": [ 8.6, 11.75, 11 ],
    "rotation": { "origin": [ 8.25, 11.75, 10.75 ], "axis": "z", "angle": 45 },
    "faces": {
        "down":  { "uv": [ 1, 2, 6, 3.5 ], "texture": "#texture" },
        "up":    { "uv": [ 3, 1.5, 4, 5 ], "texture": "#texture" },
        "north": { "uv": [ 4, 4, 5, 5 ], "texture": "#texture" },
        "south": { "uv": [ 3.5, 2.5, 4.5, 3.5 ], "texture": "#texture" },
        "west":  { "uv": [ 2, 2.5, 5.5, 3.5 ], "texture": "#texture" },
        "east":  { "uv": [ 2, 2, 5.5, 3 ], "texture": "#texture" }
    }
},
{
    "from": [ 9.25, 11.75, 10.75 ],
    "to": [ 9.6, 12, 11 ],
    "rotation": { "origin": [ 9.25, 12, 10.75 ], "axis": "z", "angle": -45 },
    "faces": {
        "down":  { "uv": [ 1, 2, 6, 3.5 ], "texture": "#texture" },
        "up":    { "uv": [ 3, 1.5, 4, 5 ], "texture": "#texture" },
        "north": { "uv": [ 4, 4, 5, 5 ], "texture": "#texture" },
        "south": { "uv": [ 3.5, 2.5, 4.5, 3.5 ], "texture": "#texture" },
        "west":  { "uv": [ 2, 2.5, 5.5, 3.5 ], "texture": "#texture" },
        "east":  { "uv": [ 2, 2, 5.5, 3 ], "texture": "#texture" }
    }
},
{
    "from": [ 8.5, 11, 10.75 ],
    "to": [ 8.85, 11.25, 11 ],
    "rotation": { "origin": [ 8.5, 11.25, 10.75 ], "axis": "z", "angle": -45 },
    "faces": {
        "down":  { "uv": [ 1, 2, 6, 3.5 ], "texture": "#texture" },
        "up":    { "uv": [ 3, 1.5, 4, 5 ], "texture": "#texture" },
        "north": { "uv": [ 4, 4, 5, 5 ], "texture": "#texture" },
        "south": { "uv": [ 3.5, 2.5, 4.5, 3.5 ], "texture": "#texture" },
        "west":  { "uv": [ 2, 2.5, 5.5, 3.5 ], "texture": "#texture" },
        "east":  { "uv": [ 2, 2, 5.5, 3 ], "texture": "#texture" }
    }
},
{
    "from": [ 9, 10.75, 10.75 ],
    "to": [ 9.35, 11, 11 ],
    "rotation": { "origin": [ 9, 11, 10.75 ], "axis": "z", "angle": 45 },
    "faces": {
        "down":  { "uv": [ 1, 2, 6, 3.5 ], "texture": "#texture" },
        "up":    { "uv": [ 3, 1.5, 4, 5 ], "texture": "#texture" },
        "north": { "uv": [ 4, 4, 5, 5 ], "texture": "#texture" },
        "south": { "uv": [ 3.5, 2.5, 4.5, 3.5 ], "texture": "#texture" },
        "west":  { "uv": [ 2, 2.5, 5.5, 3.5 ], "texture": "#texture" },
        "east":  { "uv": [ 2, 2, 5.5, 3 ], "texture": "#texture" }
    }
},
{
    "from": [ 9.1875, 11.6875, 10.75 ],
    "to": [ 9.5375, 11.9375, 11 ],
    "rotation": { "origin": [ 9.1875, 11.9375, 10.75 ], "axis": "z", "angle": -45 },
    "faces": {
        "down":  { "uv": [ 1, 2, 6, 3.5 ], "texture": "#texture" },
        "up":    { "uv": [ 3, 1.5, 4, 5 ], "texture": "#texture" },
        "north": { "uv": [ 4, 4, 5, 5 ], "texture": "#texture" },
        "south": { "uv": [ 3.5, 2.5, 4.5, 3.5 ], "texture": "#texture" },
        "west":  { "uv": [ 2, 2.5, 5.5, 3.5 ], "texture": "#texture" },
        "east":  { "uv": [ 2, 2, 5.5, 3 ], "texture": "#texture" }
    }
},
{
    "from": [ 8.3125, 11.4375, 10.75 ],
    "to": [ 8.6625, 11.6875, 11 ],
    "rotation": { "origin": [ 8.3125, 11.6875, 10.75 ], "axis": "z", "angle": 45 },
    "faces": {
        "down":  { "uv": [ 1, 2, 6, 3.5 ], "texture": "#texture" },
        "up":    { "uv": [ 3, 1.5, 4, 5 ], "texture": "#texture" },
        "north": { "uv": [ 4, 4, 5, 5 ], "texture": "#texture" },
        "south": { "uv": [ 3.5, 2.5, 4.5, 3.5 ], "texture": "#texture" },
        "west":  { "uv": [ 2, 2.5, 5.5, 3.5 ], "texture": "#texture" },
        "east":  { "uv": [ 2, 2, 5.5, 3 ], "texture": "#texture" }
    }
},
{
    "from": [ 8.25, 11, 9.5 ],
    "to": [ 9.5, 11.25, 10 ],
    "faces": {
        "down":  { "uv": [ 1, 2, 6, 3.5 ], "texture": "#texture" },
        "up":    { "uv": [ 3, 1.5, 4, 5 ], "texture": "#texture" },
        "north": { "uv": [ 4, 4, 5, 5 ], "texture": "#texture" },
        "south": { "uv": [ 3.5, 2.5, 4.5, 3.5 ], "texture": "#texture" },
        "west":  { "uv": [ 2, 2.5, 5.5, 3.5 ], "texture": "#texture" },
        "east":  { "uv": [ 2, 2, 5.5, 3 ], "texture": "#texture" }
    }
},
{
    "from": [ 8.25, 11, 8.75 ],
    "to": [ 9.5, 11.25, 9.25 ],
    "faces": {
        "down":  { "uv": [ 1, 2, 6, 3.5 ], "texture": "#texture" },
        "up":    { "uv": [ 3, 1.5, 4, 5 ], "texture": "#texture" },
        "north": { "uv": [ 4, 4, 5, 5 ], "texture": "#texture" },
        "south": { "uv": [ 3.5, 2.5, 4.5, 3.5 ], "texture": "#texture" },
        "west":  { "uv": [ 2, 2.5, 5.5, 3.5 ], "texture": "#texture" },
        "east":  { "uv": [ 2, 2, 5.5, 3 ], "texture": "#texture" }
    }
},
{
    "from": [ 8.25, 11, 8 ],
    "to": [ 9.5, 11.25, 8.5 ],
    "faces": {
        "down":  { "uv": [ 1, 2, 6, 3.5 ], "texture": "#texture" },
        "up":    { "uv": [ 3, 1.5, 4, 5 ], "texture": "#texture" },
        "north": { "uv": [ 4, 4, 5, 5 ], "texture": "#texture" },
        "south": { "uv": [ 3.5, 2.5, 4.5, 3.5 ], "texture": "#texture" },
        "west":  { "uv": [ 2, 2.5, 5.5, 3.5 ], "texture": "#texture" },
        "east":  { "uv": [ 2, 2, 5.5, 3 ], "texture": "#texture" }
    }
},
{
    "from": [ 8.25, 11, 7.25 ],
    "to": [ 9.5, 11.25, 7.75 ],
    "faces": {
        "down":  { "uv": [ 1, 2, 6, 3.5 ], "texture": "#texture" },
        "up":    { "uv": [ 3, 1.5, 4, 5 ], "texture": "#texture" },
        "north": { "uv": [ 4, 4, 5, 5 ], "texture": "#texture" },
        "south": { "uv": [ 3.5, 2.5, 4.5, 3.5 ], "texture": "#texture" },
        "west":  { "uv": [ 2, 2.5, 5.5, 3.5 ], "texture": "#texture" },
        "east":  { "uv": [ 2, 2, 5.5, 3 ], "texture": "#texture" }
    }
},
{
    "from": [ 8.25, 11, 6.5 ],
    "to": [ 9.5, 11.25, 7 ],
    "faces": {
        "down":  { "uv": [ 1, 2, 6, 3.5 ], "texture": "#texture" },
        "up":    { "uv": [ 3, 1.5, 4, 5 ], "texture": "#texture" },
        "north": { "uv": [ 4, 4, 5, 5 ], "texture": "#texture" },
        "south": { "uv": [ 3.5, 2.5, 4.5, 3.5 ], "texture": "#texture" },
        "west":  { "uv": [ 2, 2.5, 5.5, 3.5 ], "texture": "#texture" },
        "east":  { "uv": [ 2, 2, 5.5, 3 ], "texture": "#texture" }
    }
},
{
    "from": [ 8.25, 11, 5.75 ],
    "to": [ 9.5, 11.25, 6.25 ],
    "faces": {
        "down":  { "uv": [ 1, 2, 6, 3.5 ], "texture": "#texture" },
        "up":    { "uv": [ 3, 1.5, 4, 5 ], "texture": "#texture" },
        "north": { "uv": [ 4, 4, 5, 5 ], "texture": "#texture" },
        "south": { "uv": [ 3.5, 2.5, 4.5, 3.5 ], "texture": "#texture" },
        "west":  { "uv": [ 2, 2.5, 5.5, 3.5 ], "texture": "#texture" },
        "east":  { "uv": [ 2, 2, 5.5, 3 ], "texture": "#texture" }
    }
},
{
    "from": [ 8.25, 11, 5 ],
    "to": [ 9.5, 11.25, 5.5 ],
    "faces": {
        "down":  { "uv": [ 1, 2, 6, 3.5 ], "texture": "#texture" },
        "up":    { "uv": [ 3, 1.5, 4, 5 ], "texture": "#texture" },
        "north": { "uv": [ 4, 4, 5, 5 ], "texture": "#texture" },
        "south": { "uv": [ 3.5, 2.5, 4.5, 3.5 ], "texture": "#texture" },
        "west":  { "uv": [ 2, 2.5, 5.5, 3.5 ], "texture": "#texture" },
        "east":  { "uv": [ 2, 2, 5.5, 3 ], "texture": "#texture" }
    }
},
{
    "from": [ 8.25, 11, 4.25 ],
    "to": [ 9.5, 11.25, 4.75 ],
    "faces": {
        "down":  { "uv": [ 1, 2, 6, 3.5 ], "texture": "#texture" },
        "up":    { "uv": [ 3, 1.5, 4, 5 ], "texture": "#texture" },
        "north": { "uv": [ 4, 4, 5, 5 ], "texture": "#texture" },
        "south": { "uv": [ 3.5, 2.5, 4.5, 3.5 ], "texture": "#texture" },
        "west":  { "uv": [ 2, 2.5, 5.5, 3.5 ], "texture": "#texture" },
        "east":  { "uv": [ 2, 2, 5.5, 3 ], "texture": "#texture" }
    }
},
{
    "from": [ 8.25, 10, -3 ],
    "to": [ 9.5, 10.25, 2 ],
    "faces": {
        "down":  { "uv": [ 1, 2, 6, 3.5 ], "texture": "#texture" },
        "up":    { "uv": [ 3, 1.5, 4, 5 ], "texture": "#texture" },
        "north": { "uv": [ 4, 4, 5, 5 ], "texture": "#texture" },
        "south": { "uv": [ 3.5, 2.5, 4.5, 3.5 ], "texture": "#texture" },
        "west":  { "uv": [ 2, 2.5, 5.5, 3.5 ], "texture": "#texture" },
        "east":  { "uv": [ 2, 2, 5.5, 3 ], "texture": "#texture" }
    }
},
{
    "from": [ 8.5, 10.75, -3 ],
    "to": [ 9.25, 11, 2 ],
    "faces": {
        "down":  { "uv": [ 1, 2, 6, 3.5 ], "texture": "#texture" },
        "up":    { "uv": [ 3, 1.5, 4, 5 ], "texture": "#texture" },
        "north": { "uv": [ 4, 4, 5, 5 ], "texture": "#texture" },
        "south": { "uv": [ 3.5, 2.5, 4.5, 3.5 ], "texture": "#texture" },
        "west":  { "uv": [ 2, 2.5, 5.5, 3.5 ], "texture": "#texture" },
        "east":  { "uv": [ 2, 2, 5.5, 3 ], "texture": "#texture" }
    }
},
{
    "from": [ 8.25, 10.5, -3 ],
    "to": [ 8.6, 10.75, 2 ],
    "rotation": { "origin": [ 8.25, 10.75, -3 ], "axis": "z", "angle": 45 },
    "faces": {
        "down":  { "uv": [ 1, 2, 6, 3.5 ], "texture": "#texture" },
        "up":    { "uv": [ 3, 1.5, 4, 5 ], "texture": "#texture" },
        "north": { "uv": [ 4, 4, 5, 5 ], "texture": "#texture" },
        "south": { "uv": [ 3.5, 2.5, 4.5, 3.5 ], "texture": "#texture" },
        "west":  { "uv": [ 2, 2.5, 5.5, 3.5 ], "texture": "#texture" },
        "east":  { "uv": [ 2, 2, 5.5, 3 ], "texture": "#texture" }
    }
},
{
    "from": [ 9.25, 10.75, -3 ],
    "to": [ 9.6, 11, 2 ],
    "rotation": { "origin": [ 9.25, 11, -3 ], "axis": "z", "angle": -45 },
    "faces": {
        "down":  { "uv": [ 1, 2, 6, 3.5 ], "texture": "#texture" },
        "up":    { "uv": [ 3, 1.5, 4, 5 ], "texture": "#texture" },
        "north": { "uv": [ 4, 4, 5, 5 ], "texture": "#texture" },
        "south": { "uv": [ 3.5, 2.5, 4.5, 3.5 ], "texture": "#texture" },
        "west":  { "uv": [ 2, 2.5, 5.5, 3.5 ], "texture": "#texture" },
        "east":  { "uv": [ 2, 2, 5.5, 3 ], "texture": "#texture" }
    }
},
{
    "from": [ 8, 9.75, -3 ],
    "to": [ 9.75, 10, 0 ],
    "faces": {
        "down":  { "uv": [ 1, 2, 6, 3.5 ], "texture": "#texture" },
        "up":    { "uv": [ 3, 1.5, 4, 5 ], "texture": "#texture" },
        "north": { "uv": [ 4, 4, 5, 5 ], "texture": "#texture" },
        "south": { "uv": [ 3.5, 2.5, 4.5, 3.5 ], "texture": "#texture" },
        "west":  { "uv": [ 2, 2.5, 5.5, 3.5 ], "texture": "#texture" },
        "east":  { "uv": [ 2, 2, 5.5, 3 ], "texture": "#texture" }
    }
},
{
    "from": [ 8, 7.875, -3 ],
    "to": [ 9.75, 8.5, 1.25 ],
    "faces": {
        "down":  { "uv": [ 1, 2, 6, 3.5 ], "texture": "#texture" },
        "up":    { "uv": [ 3, 1.5, 4, 5 ], "texture": "#texture" },
        "north": { "uv": [ 4, 4, 5, 5 ], "texture": "#texture" },
        "south": { "uv": [ 3.5, 2.5, 4.5, 3.5 ], "texture": "#texture" },
        "west":  { "uv": [ 2, 2.5, 5.5, 3.5 ], "texture": "#texture" },
        "east":  { "uv": [ 2, 2, 5.5, 3 ], "texture": "#texture" }
    }
},
{
    "from": [ 8, 8.5, -3 ],
    "to": [ 9.75, 9.75, -2.5 ],
    "faces": {
        "down":  { "uv": [ 1, 2, 6, 3.5 ], "texture": "#texture" },
        "up":    { "uv": [ 3, 1.5, 4, 5 ], "texture": "#texture" },
        "north": { "uv": [ 4, 4, 5, 5 ], "texture": "#texture" },
        "south": { "uv": [ 3.5, 2.5, 4.5, 3.5 ], "texture": "#texture" },
        "west":  { "uv": [ 2, 2.5, 5.5, 3.5 ], "texture": "#texture" },
        "east":  { "uv": [ 2, 2, 5.5, 3 ], "texture": "#texture" }
    }
},
{
    "from": [ 8, 8.5, -1.5 ],
    "to": [ 9.75, 9.75, -1 ],
    "faces": {
        "down":  { "uv": [ 1, 2, 6, 3.5 ], "texture": "#texture" },
        "up":    { "uv": [ 3, 1.5, 4, 5 ], "texture": "#texture" },
        "north": { "uv": [ 4, 4, 5, 5 ], "texture": "#texture" },
        "south": { "uv": [ 3.5, 2.5, 4.5, 3.5 ], "texture": "#texture" },
        "west":  { "uv": [ 2, 2.5, 5.5, 3.5 ], "texture": "#texture" },
        "east":  { "uv": [ 2, 2, 5.5, 3 ], "texture": "#texture" }
    }
},
{
    "from": [ 7.75, 8.75, -2.75 ],
    "to": [ 8, 9.5, 1 ],
    "faces": {
        "down":  { "uv": [ 1, 2, 6, 3.5 ], "texture": "#texture" },
        "up":    { "uv": [ 3, 1.5, 4, 5 ], "texture": "#texture" },
        "north": { "uv": [ 4, 4, 5, 5 ], "texture": "#texture" },
        "south": { "uv": [ 3.5, 2.5, 4.5, 3.5 ], "texture": "#texture" },
        "west":  { "uv": [ 2, 2.5, 5.5, 3.5 ], "texture": "#texture" },
        "east":  { "uv": [ 2, 2, 5.5, 3 ], "texture": "#texture" }
    }
},
{
    "from": [ 9.75, 8.75, -2.75 ],
    "to": [ 10, 9.5, 1 ],
    "faces": {
        "down":  { "uv": [ 1, 2, 6, 3.5 ], "texture": "#texture" },
        "up":    { "uv": [ 3, 1.5, 4, 5 ], "texture": "#texture" },
        "north": { "uv": [ 4, 4, 5, 5 ], "texture": "#texture" },
        "south": { "uv": [ 3.5, 2.5, 4.5, 3.5 ], "texture": "#texture" },
        "west":  { "uv": [ 2, 2.5, 5.5, 3.5 ], "texture": "#texture" },
        "east":  { "uv": [ 2, 2, 5.5, 3 ], "texture": "#texture" }
    }
},
{
    "__comment": "side",
    "from": [ 7.625, 8.75, -2.75 ],
    "to": [ 7.75, 9.5, -2.5 ],
    "faces": {
        "down":  { "uv": [ 0.75, 9.625, 5.75, 11.125 ], "texture": "#texture" },
        "up":    { "uv": [ 3, 9.75, 4, 13.25 ], "texture": "#texture" },
        "north": { "uv": [ 4.125, 10.125, 5.125, 11.125 ], "texture": "#texture" },
        "south": { "uv": [ 2.75, 11, 3.75, 12 ], "texture": "#texture" },
        "west":  { "uv": [ 1.875, 11.25, 5.375, 12.25 ], "texture": "#texture" },
        "east":  { "uv": [ 2.5, 10.125, 6, 11.125 ], "texture": "#texture" }
    }
},
{
    "__comment": "side",
    "from": [ 7.625, 8.75, -2.375 ],
    "to": [ 7.75, 9.5, -2.125 ],
    "faces": {
        "down":  { "uv": [ 0.75, 9.625, 5.75, 11.125 ], "texture": "#texture" },
        "up":    { "uv": [ 3, 9.75, 4, 13.25 ], "texture": "#texture" },
        "north": { "uv": [ 4.125, 10.125, 5.125, 11.125 ], "texture": "#texture" },
        "south": { "uv": [ 2.75, 11, 3.75, 12 ], "texture": "#texture" },
        "west":  { "uv": [ 1.875, 11.25, 5.375, 12.25 ], "texture": "#texture" },
        "east":  { "uv": [ 2.5, 10.125, 6, 11.125 ], "texture": "#texture" }
    }
},
{
    "__comment": "side",
    "from": [ 7.625, 8.75, -2 ],
    "to": [ 7.75, 9.5, -1.75 ],
    "faces": {
        "down":  { "uv": [ 0.75, 9.625, 5.75, 11.125 ], "texture": "#texture" },
        "up":    { "uv": [ 3, 9.75, 4, 13.25 ], "texture": "#texture" },
        "north": { "uv": [ 4.125, 10.125, 5.125, 11.125 ], "texture": "#texture" },
        "south": { "uv": [ 2.75, 11, 3.75, 12 ], "texture": "#texture" },
        "west":  { "uv": [ 1.875, 11.25, 5.375, 12.25 ], "texture": "#texture" },
        "east":  { "uv": [ 2.5, 10.125, 6, 11.125 ], "texture": "#texture" }
    }
},
{
    "__comment": "side",
    "from": [ 7.625, 8.75, -1.625 ],
    "to": [ 7.75, 9.5, -1.375 ],
    "faces": {
        "down":  { "uv": [ 0.75, 9.625, 5.75, 11.125 ], "texture": "#texture" },
        "up":    { "uv": [ 3, 9.75, 4, 13.25 ], "texture": "#texture" },
        "north": { "uv": [ 4.125, 10.125, 5.125, 11.125 ], "texture": "#texture" },
        "south": { "uv": [ 2.75, 11, 3.75, 12 ], "texture": "#texture" },
        "west":  { "uv": [ 1.875, 11.25, 5.375, 12.25 ], "texture": "#texture" },
        "east":  { "uv": [ 2.5, 10.125, 6, 11.125 ], "texture": "#texture" }
    }
},
{
    "__comment": "side",
    "from": [ 7.625, 8.75, -1.25 ],
    "to": [ 7.75, 9.5, -1 ],
    "faces": {
        "down":  { "uv": [ 0.75, 9.625, 5.75, 11.125 ], "texture": "#texture" },
        "up":    { "uv": [ 3, 9.75, 4, 13.25 ], "texture": "#texture" },
        "north": { "uv": [ 4.125, 10.125, 5.125, 11.125 ], "texture": "#texture" },
        "south": { "uv": [ 2.75, 11, 3.75, 12 ], "texture": "#texture" },
        "west":  { "uv": [ 1.875, 11.25, 5.375, 12.25 ], "texture": "#texture" },
        "east":  { "uv": [ 2.5, 10.125, 6, 11.125 ], "texture": "#texture" }
    }
},
{
    "__comment": "side",
    "from": [ 7.625, 8.75, -0.875 ],
    "to": [ 7.75, 9.5, -0.625 ],
    "faces": {
        "down":  { "uv": [ 0.75, 9.625, 5.75, 11.125 ], "texture": "#texture" },
        "up":    { "uv": [ 3, 9.75, 4, 13.25 ], "texture": "#texture" },
        "north": { "uv": [ 4.125, 10.125, 5.125, 11.125 ], "texture": "#texture" },
        "south": { "uv": [ 2.75, 11, 3.75, 12 ], "texture": "#texture" },
        "west":  { "uv": [ 1.875, 11.25, 5.375, 12.25 ], "texture": "#texture" },
        "east":  { "uv": [ 2.5, 10.125, 6, 11.125 ], "texture": "#texture" }
    }
},
{
    "__comment": "side",
    "from": [ 7.625, 8.75, -0.5 ],
    "to": [ 7.75, 9.5, -0.25 ],
    "faces": {
        "down":  { "uv": [ 0.75, 9.625, 5.75, 11.125 ], "texture": "#texture" },
        "up":    { "uv": [ 3, 9.75, 4, 13.25 ], "texture": "#texture" },
        "north": { "uv": [ 4.125, 10.125, 5.125, 11.125 ], "texture": "#texture" },
        "south": { "uv": [ 2.75, 11, 3.75, 12 ], "texture": "#texture" },
        "west":  { "uv": [ 1.875, 11.25, 5.375, 12.25 ], "texture": "#texture" },
        "east":  { "uv": [ 2.5, 10.125, 6, 11.125 ], "texture": "#texture" }
    }
},
{
    "__comment": "side",
    "from": [ 7.625, 8.75, -0.125 ],
    "to": [ 7.75, 9.5, 0.125 ],
    "faces": {
        "down":  { "uv": [ 0.75, 9.625, 5.75, 11.125 ], "texture": "#texture" },
        "up":    { "uv": [ 3, 9.75, 4, 13.25 ], "texture": "#texture" },
        "north": { "uv": [ 4.125, 10.125, 5.125, 11.125 ], "texture": "#texture" },
        "south": { "uv": [ 2.75, 11, 3.75, 12 ], "texture": "#texture" },
        "west":  { "uv": [ 1.875, 11.25, 5.375, 12.25 ], "texture": "#texture" },
        "east":  { "uv": [ 2.5, 10.125, 6, 11.125 ], "texture": "#texture" }
    }
},
{
    "__comment": "side",
    "from": [ 7.625, 8.75, 0.25 ],
    "to": [ 7.75, 9.5, 0.5 ],
    "faces": {
        "down":  { "uv": [ 0.75, 9.625, 5.75, 11.125 ], "texture": "#texture" },
        "up":    { "uv": [ 3, 9.75, 4, 13.25 ], "texture": "#texture" },
        "north": { "uv": [ 4.125, 10.125, 5.125, 11.125 ], "texture": "#texture" },
        "south": { "uv": [ 2.75, 11, 3.75, 12 ], "texture": "#texture" },
        "west":  { "uv": [ 1.875, 11.25, 5.375, 12.25 ], "texture": "#texture" },
        "east":  { "uv": [ 2.5, 10.125, 6, 11.125 ], "texture": "#texture" }
    }
},
{
    "__comment": "side",
    "from": [ 7.625, 8.75, 0.625 ],
    "to": [ 7.75, 9.5, 0.875 ],
    "faces": {
        "down":  { "uv": [ 0.75, 9.625, 5.75, 11.125 ], "texture": "#texture" },
        "up":    { "uv": [ 3, 9.75, 4, 13.25 ], "texture": "#texture" },
        "north": { "uv": [ 4.125, 10.125, 5.125, 11.125 ], "texture": "#texture" },
        "south": { "uv": [ 2.75, 11, 3.75, 12 ], "texture": "#texture" },
        "west":  { "uv": [ 1.875, 11.25, 5.375, 12.25 ], "texture": "#texture" },
        "east":  { "uv": [ 2.5, 10.125, 6, 11.125 ], "texture": "#texture" }
    }
},
{
    "__comment": "side*",
    "from": [ 10, 8.75, -2.75 ],
    "to": [ 10.125, 9.5, -2.5 ],
    "faces": {
        "down":  { "uv": [ 0.75, 9.625, 5.75, 11.125 ], "texture": "#texture" },
        "up":    { "uv": [ 3, 9.75, 4, 13.25 ], "texture": "#texture" },
        "north": { "uv": [ 4.125, 10.125, 5.125, 11.125 ], "texture": "#texture" },
        "south": { "uv": [ 2.75, 11, 3.75, 12 ], "texture": "#texture" },
        "west":  { "uv": [ 1.875, 11.25, 5.375, 12.25 ], "texture": "#texture" },
        "east":  { "uv": [ 2.5, 10.125, 6, 11.125 ], "texture": "#texture" }
    }
},
{
    "__comment": "side*",
    "from": [ 10, 8.75, -2.375 ],
    "to": [ 10.125, 9.5, -2.125 ],
    "faces": {
        "down":  { "uv": [ 0.75, 9.625, 5.75, 11.125 ], "texture": "#texture" },
        "up":    { "uv": [ 3, 9.75, 4, 13.25 ], "texture": "#texture" },
        "north": { "uv": [ 4.125, 10.125, 5.125, 11.125 ], "texture": "#texture" },
        "south": { "uv": [ 2.75, 11, 3.75, 12 ], "texture": "#texture" },
        "west":  { "uv": [ 1.875, 11.25, 5.375, 12.25 ], "texture": "#texture" },
        "east":  { "uv": [ 2.5, 10.125, 6, 11.125 ], "texture": "#texture" }
    }
},
{
    "__comment": "side*",
    "from": [ 10, 8.75, -2 ],
    "to": [ 10.125, 9.5, -1.75 ],
    "faces": {
        "down":  { "uv": [ 0.75, 9.625, 5.75, 11.125 ], "texture": "#texture" },
        "up":    { "uv": [ 3, 9.75, 4, 13.25 ], "texture": "#texture" },
        "north": { "uv": [ 4.125, 10.125, 5.125, 11.125 ], "texture": "#texture" },
        "south": { "uv": [ 2.75, 11, 3.75, 12 ], "texture": "#texture" },
        "west":  { "uv": [ 1.875, 11.25, 5.375, 12.25 ], "texture": "#texture" },
        "east":  { "uv": [ 2.5, 10.125, 6, 11.125 ], "texture": "#texture" }
    }
},
{
    "__comment": "side*",
    "from": [ 10, 8.75, -1.625 ],
    "to": [ 10.125, 9.5, -1.375 ],
    "faces": {
        "down":  { "uv": [ 0.75, 9.625, 5.75, 11.125 ], "texture": "#texture" },
        "up":    { "uv": [ 3, 9.75, 4, 13.25 ], "texture": "#texture" },
        "north": { "uv": [ 4.125, 10.125, 5.125, 11.125 ], "texture": "#texture" },
        "south": { "uv": [ 2.75, 11, 3.75, 12 ], "texture": "#texture" },
        "west":  { "uv": [ 1.875, 11.25, 5.375, 12.25 ], "texture": "#texture" },
        "east":  { "uv": [ 2.5, 10.125, 6, 11.125 ], "texture": "#texture" }
    }
},
{
    "__comment": "side*",
    "from": [ 10, 8.75, -1.25 ],
    "to": [ 10.125, 9.5, -1 ],
    "faces": {
        "down":  { "uv": [ 0.75, 9.625, 5.75, 11.125 ], "texture": "#texture" },
        "up":    { "uv": [ 3, 9.75, 4, 13.25 ], "texture": "#texture" },
        "north": { "uv": [ 4.125, 10.125, 5.125, 11.125 ], "texture": "#texture" },
        "south": { "uv": [ 2.75, 11, 3.75, 12 ], "texture": "#texture" },
        "west":  { "uv": [ 1.875, 11.25, 5.375, 12.25 ], "texture": "#texture" },
        "east":  { "uv": [ 2.5, 10.125, 6, 11.125 ], "texture": "#texture" }
    }
},
{
    "__comment": "side*",
    "from": [ 10, 8.75, -0.875 ],
    "to": [ 10.125, 9.5, -0.625 ],
    "faces": {
        "down":  { "uv": [ 0.75, 9.625, 5.75, 11.125 ], "texture": "#texture" },
        "up":    { "uv": [ 3, 9.75, 4, 13.25 ], "texture": "#texture" },
        "north": { "uv": [ 4.125, 10.125, 5.125, 11.125 ], "texture": "#texture" },
        "south": { "uv": [ 2.75, 11, 3.75, 12 ], "texture": "#texture" },
        "west":  { "uv": [ 1.875, 11.25, 5.375, 12.25 ], "texture": "#texture" },
        "east":  { "uv": [ 2.5, 10.125, 6, 11.125 ], "texture": "#texture" }
    }
},
{
    "__comment": "side*",
    "from": [ 10, 8.75, -0.5 ],
    "to": [ 10.125, 9.5, -0.25 ],
    "faces": {
        "down":  { "uv": [ 0.75, 9.625, 5.75, 11.125 ], "texture": "#texture" },
        "up":    { "uv": [ 3, 9.75, 4, 13.25 ], "texture": "#texture" },
        "north": { "uv": [ 4.125, 10.125, 5.125, 11.125 ], "texture": "#texture" },
        "south": { "uv": [ 2.75, 11, 3.75, 12 ], "texture": "#texture" },
        "west":  { "uv": [ 1.875, 11.25, 5.375, 12.25 ], "texture": "#texture" },
        "east":  { "uv": [ 2.5, 10.125, 6, 11.125 ], "texture": "#texture" }
    }
},
{
    "__comment": "side*",
    "from": [ 10, 8.75, -0.125 ],
    "to": [ 10.125, 9.5, 0.125 ],
    "faces": {
        "down":  { "uv": [ 0.75, 9.625, 5.75, 11.125 ], "texture": "#texture" },
        "up":    { "uv": [ 3, 9.75, 4, 13.25 ], "texture": "#texture" },
        "north": { "uv": [ 4.125, 10.125, 5.125, 11.125 ], "texture": "#texture" },
        "south": { "uv": [ 2.75, 11, 3.75, 12 ], "texture": "#texture" },
        "west":  { "uv": [ 1.875, 11.25, 5.375, 12.25 ], "texture": "#texture" },
        "east":  { "uv": [ 2.5, 10.125, 6, 11.125 ], "texture": "#texture" }
    }
},
{
    "__comment": "side*",
    "from": [ 10, 8.75, 0.25 ],
    "to": [ 10.125, 9.5, 0.5 ],
    "faces": {
        "down":  { "uv": [ 0.75, 9.625, 5.75, 11.125 ], "texture": "#texture" },
        "up":    { "uv": [ 3, 9.75, 4, 13.25 ], "texture": "#texture" },
        "north": { "uv": [ 4.125, 10.125, 5.125, 11.125 ], "texture": "#texture" },
        "south": { "uv": [ 2.75, 11, 3.75, 12 ], "texture": "#texture" },
        "west":  { "uv": [ 1.875, 11.25, 5.375, 12.25 ], "texture": "#texture" },
        "east":  { "uv": [ 2.5, 10.125, 6, 11.125 ], "texture": "#texture" }
    }
},
{
    "__comment": "side*",
    "from": [ 10, 8.75, 0.625 ],
    "to": [ 10.125, 9.5, 0.875 ],
    "faces": {
        "down":  { "uv": [ 0.75, 9.625, 5.75, 11.125 ], "texture": "#texture" },
        "up":    { "uv": [ 3, 9.75, 4, 13.25 ], "texture": "#texture" },
        "north": { "uv": [ 4.125, 10.125, 5.125, 11.125 ], "texture": "#texture" },
        "south": { "uv": [ 2.75, 11, 3.75, 12 ], "texture": "#texture" },
        "west":  { "uv": [ 1.875, 11.25, 5.375, 12.25 ], "texture": "#texture" },
        "east":  { "uv": [ 2.5, 10.125, 6, 11.125 ], "texture": "#texture" }
    }
},
{
    "from": [ 8.625, 10.625, -2.875 ],
    "to": [ 9.125, 11.375, -2 ],
    "faces": {
        "down":  { "uv": [ 1, 2, 6, 3.5 ], "texture": "#texture" },
        "up":    { "uv": [ 3, 1.5, 4, 5 ], "texture": "#texture" },
        "north": { "uv": [ 4, 4, 5, 5 ], "texture": "#texture" },
        "south": { "uv": [ 3.5, 2.5, 4.5, 3.5 ], "texture": "#texture" },
        "west":  { "uv": [ 2, 2.5, 5.5, 3.5 ], "texture": "#texture" },
        "east":  { "uv": [ 2, 2, 5.5, 3 ], "texture": "#texture" }
    }
},
{
    "from": [ 8.625, 11, -2 ],
    "to": [ 9, 11.375, -1.125 ],
    "rotation": { "origin": [ 8.625, 11.375, -2 ], "axis": "x", "angle": 45 },
    "faces": {
        "down":  { "uv": [ 1, 2, 6, 3.5 ], "texture": "#texture" },
        "up":    { "uv": [ 3, 1.5, 4, 5 ], "texture": "#texture" },
        "north": { "uv": [ 4, 4, 5, 5 ], "texture": "#texture" },
        "south": { "uv": [ 3.5, 2.5, 4.5, 3.5 ], "texture": "#texture" },
        "west":  { "uv": [ 2, 2.5, 5.5, 3.5 ], "texture": "#texture" },
        "east":  { "uv": [ 2, 2, 5.5, 3 ], "texture": "#texture" }
    }
},
{
    "from": [ 8.5, 11.375, -2.875 ],
    "to": [ 8.625, 11.875, -2 ],
    "faces": {
        "down":  { "uv": [ 1, 2, 6, 3.5 ], "texture": "#texture" },
        "up":    { "uv": [ 3, 1.5, 4, 5 ], "texture": "#texture" },
        "north": { "uv": [ 4, 4, 5, 5 ], "texture": "#texture" },
        "south": { "uv": [ 3.5, 2.5, 4.5, 3.5 ], "texture": "#texture" },
        "west":  { "uv": [ 2, 2.5, 5.5, 3.5 ], "texture": "#texture" },
        "east":  { "uv": [ 2, 2, 5.5, 3 ], "texture": "#texture" }
    }
},
{
    "from": [ 9.125, 11.375, -2.875 ],
    "to": [ 9.25, 11.875, -2 ],
    "faces": {
        "down":  { "uv": [ 1, 2, 6, 3.5 ], "texture": "#texture" },
        "up":    { "uv": [ 3, 1.5, 4, 5 ], "texture": "#texture" },
        "north": { "uv": [ 4, 4, 5, 5 ], "texture": "#texture" },
        "south": { "uv": [ 3.5, 2.5, 4.5, 3.5 ], "texture": "#texture" },
        "west":  { "uv": [ 2, 2.5, 5.5, 3.5 ], "texture": "#texture" },
        "east":  { "uv": [ 2, 2, 5.5, 3 ], "texture": "#texture" }
    }
},
{
    "from": [ 8.625, 11.875, -2.875 ],
    "to": [ 9.125, 12, -2 ],
    "faces": {
        "down":  { "uv": [ 1, 2, 6, 3.5 ], "texture": "#texture" },
        "up":    { "uv": [ 3, 1.5, 4, 5 ], "texture": "#texture" },
        "north": { "uv": [ 4, 4, 5, 5 ], "texture": "#texture" },
        "south": { "uv": [ 3.5, 2.5, 4.5, 3.5 ], "texture": "#texture" },
        "west":  { "uv": [ 2, 2.5, 5.5, 3.5 ], "texture": "#texture" },
        "east":  { "uv": [ 2, 2, 5.5, 3 ], "texture": "#texture" }
    }
},
{
    "from": [ 8.5, 11.75, -2.875 ],
    "to": [ 8.675, 11.875, -2 ],
    "rotation": { "origin": [ 8.5, 11.875, -2.875 ], "axis": "z", "angle": 45 },
    "faces": {
        "down":  { "uv": [ 1, 2, 6, 3.5 ], "texture": "#texture" },
        "up":    { "uv": [ 3, 1.5, 4, 5 ], "texture": "#texture" },
        "north": { "uv": [ 4, 4, 5, 5 ], "texture": "#texture" },
        "south": { "uv": [ 3.5, 2.5, 4.5, 3.5 ], "texture": "#texture" },
        "west":  { "uv": [ 2, 2.5, 5.5, 3.5 ], "texture": "#texture" },
        "east":  { "uv": [ 2, 2, 5.5, 3 ], "texture": "#texture" }
    }
},
{
    "from": [ 9.125, 11.875, -2.875 ],
    "to": [ 9.3, 12, -2 ],
    "rotation": { "origin": [ 9.125, 12, -2.875 ], "axis": "z", "angle": -45 },
    "faces": {
        "down":  { "uv": [ 1, 2, 6, 3.5 ], "texture": "#texture" },
        "up":    { "uv": [ 3, 1.5, 4, 5 ], "texture": "#texture" },
        "north": { "uv": [ 4, 4, 5, 5 ], "texture": "#texture" },
        "south": { "uv": [ 3.5, 2.5, 4.5, 3.5 ], "texture": "#texture" },
        "west":  { "uv": [ 2, 2.5, 5.5, 3.5 ], "texture": "#texture" },
        "east":  { "uv": [ 2, 2, 5.5, 3 ], "texture": "#texture" }
    }
},
{
    "from": [ 8.5925, 11.3425, -2.875 ],
    "to": [ 8.7675, 11.4675, -2 ],
    "rotation": { "origin": [ 8.5925, 11.4675, -2.875 ], "axis": "z", "angle": -45 },
    "faces": {
        "down":  { "uv": [ 1, 2, 6, 3.5 ], "texture": "#texture" },
        "up":    { "uv": [ 3, 1.5, 4, 5 ], "texture": "#texture" },
        "north": { "uv": [ 4, 4, 5, 5 ], "texture": "#texture" },
        "south": { "uv": [ 3.5, 2.5, 4.5, 3.5 ], "texture": "#texture" },
        "west":  { "uv": [ 2, 2.5, 5.5, 3.5 ], "texture": "#texture" },
        "east":  { "uv": [ 2, 2, 5.5, 3 ], "texture": "#texture" }
    }
},
{
    "from": [ 9.0425, 11.2075, -2.875 ],
    "to": [ 9.2175, 11.3325, -2 ],
    "rotation": { "origin": [ 9.0425, 11.3325, -2.875 ], "axis": "z", "angle": 45 },
    "faces": {
        "down":  { "uv": [ 1, 2, 6, 3.5 ], "texture": "#texture" },
        "up":    { "uv": [ 3, 1.5, 4, 5 ], "texture": "#texture" },
        "north": { "uv": [ 4, 4, 5, 5 ], "texture": "#texture" },
        "south": { "uv": [ 3.5, 2.5, 4.5, 3.5 ], "texture": "#texture" },
        "west":  { "uv": [ 2, 2.5, 5.5, 3.5 ], "texture": "#texture" },
        "east":  { "uv": [ 2, 2, 5.5, 3 ], "texture": "#texture" }
    }
},
{
    "from": [ 8.8375, 11.125, -2.875 ],
    "to": [ 8.9, 11.625, -2 ],
    "faces": {
        "down":  { "uv": [ 1, 2, 6, 3.5 ], "texture": "#texture" },
        "up":    { "uv": [ 3, 1.5, 4, 5 ], "texture": "#texture" },
        "north": { "uv": [ 4, 4, 5, 5 ], "texture": "#texture" },
        "south": { "uv": [ 3.5, 2.5, 4.5, 3.5 ], "texture": "#texture" },
        "west":  { "uv": [ 2, 2.5, 5.5, 3.5 ], "texture": "#texture" },
        "east":  { "uv": [ 2, 2, 5.5, 3 ], "texture": "#texture" }
    }
},
{
    "from": [ 8.25, 10.5, -3 ],
    "to": [ 9.5, 10.75, 0.5 ],
    "faces": {
        "down":  { "uv": [ 1, 2, 6, 3.5 ], "texture": "#texture" },
        "up":    { "uv": [ 3, 1.5, 4, 5 ], "texture": "#texture" },
        "north": { "uv": [ 4, 4, 5, 5 ], "texture": "#texture" },
        "south": { "uv": [ 3.5, 2.5, 4.5, 3.5 ], "texture": "#texture" },
        "west":  { "uv": [ 2, 2.5, 5.5, 3.5 ], "texture": "#texture" },
        "east":  { "uv": [ 2, 2, 5.5, 3 ], "texture": "#texture" }
    }
},
{
    "from": [ 8.25, 10.25, -3 ],
    "to": [ 9.5, 10.5, -1.875 ],
    "faces": {
        "down":  { "uv": [ 1, 2, 6, 3.5 ], "texture": "#texture" },
        "up":    { "uv": [ 3, 1.5, 4, 5 ], "texture": "#texture" },
        "north": { "uv": [ 4, 4, 5, 5 ], "texture": "#texture" },
        "south": { "uv": [ 3.5, 2.5, 4.5, 3.5 ], "texture": "#texture" },
        "west":  { "uv": [ 2, 2.5, 5.5, 3.5 ], "texture": "#texture" },
        "east":  { "uv": [ 2, 2, 5.5, 3 ], "texture": "#texture" }
    }
},
{
    "from": [ 8.25, 10.25, 1.375 ],
    "to": [ 9.5, 10.75, 2 ],
    "faces": {
        "down":  { "uv": [ 1, 2, 6, 3.5 ], "texture": "#texture" },
        "up":    { "uv": [ 3, 1.5, 4, 5 ], "texture": "#texture" },
        "north": { "uv": [ 4, 4, 5, 5 ], "texture": "#texture" },
        "south": { "uv": [ 3.5, 2.5, 4.5, 3.5 ], "texture": "#texture" },
        "west":  { "uv": [ 2, 2.5, 5.5, 3.5 ], "texture": "#texture" },
        "east":  { "uv": [ 2, 2, 5.5, 3 ], "texture": "#texture" }
    }
},
{
    "from": [ 8.625, 10.25, -1.875 ],
    "to": [ 9.5, 10.5, 0.5 ],
    "faces": {
        "down":  { "uv": [ 1, 2, 6, 3.5 ], "texture": "#texture" },
        "up":    { "uv": [ 3, 1.5, 4, 5 ], "texture": "#texture" },
        "north": { "uv": [ 4, 4, 5, 5 ], "texture": "#texture" },
        "south": { "uv": [ 3.5, 2.5, 4.5, 3.5 ], "texture": "#texture" },
        "west":  { "uv": [ 1.375, 9.25, 4.875, 10.25 ], "texture": "#texture" },
        "east":  { "uv": [ 2.125, 2.875, 5.625, 3.875 ], "texture": "#texture" }
    }
},
{
    "from": [ 8.625, 10.25, 0.5 ],
    "to": [ 9.5, 10.625, 1.375 ],
    "faces": {
        "down":  { "uv": [ 1, 2, 6, 3.5 ], "texture": "#texture" },
        "up":    { "uv": [ 3, 1.5, 4, 5 ], "texture": "#texture" },
        "north": { "uv": [ 4, 4, 5, 5 ], "texture": "#texture" },
        "south": { "uv": [ 3.5, 2.5, 4.5, 3.5 ], "texture": "#texture" },
        "west":  { "uv": [ 1.375, 9.25, 4.875, 10.25 ], "texture": "#texture" },
        "east":  { "uv": [ 2.125, 2.875, 5.625, 3.875 ], "texture": "#texture" }
    }
},
{
    "from": [ 8, 10.25, -1.75 ],
    "to": [ 8.75, 10.5, -1.375 ],
    "faces": {
        "down":  { "uv": [ 8.5, 1.75, 12, 4.5 ], "texture": "#texture" },
        "up":    { "uv": [ 10.25, 2.75, 12.5, 5 ], "texture": "#texture" },
        "north": { "uv": [ 9.25, 3, 11, 4.75 ], "texture": "#texture" },
        "south": { "uv": [ 8.5, 1.75, 11, 4.75 ], "texture": "#texture" },
        "west":  { "uv": [ 8.5, 2.25, 12, 4.25 ], "texture": "#texture" },
        "east":  { "uv": [ 8.25, 1.75, 11.75, 4 ], "texture": "#texture" }
    }
},
{
    "from": [ 7.625, 10.5, -1.875 ],
    "to": [ 8.25, 10.75, -1.25 ],
    "rotation": { "origin": [ 7.625, 10.75, -1.875 ], "axis": "z", "angle": -22.5 },
    "faces": {
        "down":  { "uv": [ 1, 2, 6, 3.5 ], "texture": "#texture" },
        "up":    { "uv": [ 3, 1.5, 4, 5 ], "texture": "#texture" },
        "north": { "uv": [ 4, 4, 5, 5 ], "texture": "#texture" },
        "south": { "uv": [ 3.5, 2.5, 4.5, 3.5 ], "texture": "#texture" },
        "west":  { "uv": [ 2, 2.5, 5.5, 3.5 ], "texture": "#texture" },
        "east":  { "uv": [ 2, 2, 5.5, 3 ], "texture": "#texture" }
    }
},
{
    "from": [ 8.25, 7.625, -3 ],
    "to": [ 9.5, 7.875, -2.75 ],
    "faces": {
        "down":  { "uv": [ 1, 2, 6, 3.5 ], "texture": "#texture" },
        "up":    { "uv": [ 3, 1.5, 4, 5 ], "texture": "#texture" },
        "north": { "uv": [ 4, 4, 5, 5 ], "texture": "#texture" },
        "south": { "uv": [ 3.5, 2.5, 4.5, 3.5 ], "texture": "#texture" },
        "west":  { "uv": [ 2, 2.5, 5.5, 3.5 ], "texture": "#texture" },
        "east":  { "uv": [ 2, 2, 5.5, 3 ], "texture": "#texture" }
    }
},
{
    "from": [ 8.1875, 7.8125, -3 ],
    "to": [ 8.5375, 8.0625, -2.75 ],
    "rotation": { "origin": [ 8.1875, 8.0625, -3 ], "axis": "z", "angle": -45 },
    "faces": {
        "down":  { "uv": [ 1, 2, 6, 3.5 ], "texture": "#texture" },
        "up":    { "uv": [ 3, 1.5, 4, 5 ], "texture": "#texture" },
        "north": { "uv": [ 4, 4, 5, 5 ], "texture": "#texture" },
        "south": { "uv": [ 3.5, 2.5, 4.5, 3.5 ], "texture": "#texture" },
        "west":  { "uv": [ 2, 2.5, 5.5, 3.5 ], "texture": "#texture" },
        "east":  { "uv": [ 2, 2, 5.5, 3 ], "texture": "#texture" }
    }
},
{
    "from": [ 9.3125, 7.5625, -3 ],
    "to": [ 9.6625, 7.8125, -2.75 ],
    "rotation": { "origin": [ 9.3125, 7.8125, -3 ], "axis": "z", "angle": 45 },
    "faces": {
        "down":  { "uv": [ 1, 2, 6, 3.5 ], "texture": "#texture" },
        "up":    { "uv": [ 3, 1.5, 4, 5 ], "texture": "#texture" },
        "north": { "uv": [ 4, 4, 5, 5 ], "texture": "#texture" },
        "south": { "uv": [ 3.5, 2.5, 4.5, 3.5 ], "texture": "#texture" },
        "west":  { "uv": [ 2, 2.5, 5.5, 3.5 ], "texture": "#texture" },
        "east":  { "uv": [ 2, 2, 5.5, 3 ], "texture": "#texture" }
    }
},
{
    "__comment": "del",
    "from": [ 8.5, 8.75, -4.25 ],
    "to": [ 9.25, 9.5, -3 ],
    "faces": {
        "down":  { "uv": [ 1, 2, 6, 3.5 ], "texture": "#texture" },
        "up":    { "uv": [ 3, 1.5, 4, 5 ], "texture": "#texture" },
        "north": { "uv": [ 4, 4, 5, 5 ], "texture": "#texture" },
        "south": { "uv": [ 3.5, 2.5, 4.5, 3.5 ], "texture": "#texture" },
        "west":  { "uv": [ 2, 2.5, 5.5, 3.5 ], "texture": "#texture" },
        "east":  { "uv": [ 2, 2, 5.5, 3 ], "texture": "#texture" }
    }
},
{
    "from": [ 8.625, 8.625, -4.25 ],
    "to": [ 9.125, 9.625, -3 ],
    "faces": {
        "down":  { "uv": [ 1, 2, 6, 3.5 ], "texture": "#texture" },
        "up":    { "uv": [ 3, 1.5, 4, 5 ], "texture": "#texture" },
        "north": { "uv": [ 4, 4, 5, 5 ], "texture": "#texture" },
        "south": { "uv": [ 3.5, 2.5, 4.5, 3.5 ], "texture": "#texture" },
        "west":  { "uv": [ 2, 2.5, 5.5, 3.5 ], "texture": "#texture" },
        "east":  { "uv": [ 2, 2, 5.5, 3 ], "texture": "#texture" }
    }
},
{
    "from": [ 8.375, 8.875, -4.25 ],
    "to": [ 9.375, 9.375, -3 ],
    "faces": {
        "down":  { "uv": [ 1, 2, 6, 3.5 ], "texture": "#texture" },
        "up":    { "uv": [ 3, 1.5, 4, 5 ], "texture": "#texture" },
        "north": { "uv": [ 4, 4, 5, 5 ], "texture": "#texture" },
        "south": { "uv": [ 3.5, 2.5, 4.5, 3.5 ], "texture": "#texture" },
        "west":  { "uv": [ 2, 2.5, 5.5, 3.5 ], "texture": "#texture" },
        "east":  { "uv": [ 2, 2, 5.5, 3 ], "texture": "#texture" }
    }
},
{
    "from": [ 8.375, 8.3075, -4.25 ],
    "to": [ 8.725, 9.375, -3 ],
    "rotation": { "origin": [ 8.375, 9.375, -4.25 ], "axis": "z", "angle": 45 },
    "faces": {
        "down":  { "uv": [ 1, 2, 6, 3.5 ], "texture": "#texture" },
        "up":    { "uv": [ 3, 1.5, 4, 5 ], "texture": "#texture" },
        "north": { "uv": [ 4, 4, 5, 5 ], "texture": "#texture" },
        "south": { "uv": [ 3.5, 2.5, 4.5, 3.5 ], "texture": "#texture" },
        "west":  { "uv": [ 2, 2.5, 5.5, 3.5 ], "texture": "#texture" },
        "east":  { "uv": [ 2, 2, 5.5, 3 ], "texture": "#texture" }
    }
},
{
    "from": [ 9.125, 8.5575, -4.25 ],
    "to": [ 9.475, 9.625, -3 ],
    "rotation": { "origin": [ 9.125, 9.625, -4.25 ], "axis": "z", "angle": -45 },
    "faces": {
        "down":  { "uv": [ 1, 2, 6, 3.5 ], "texture": "#texture" },
        "up":    { "uv": [ 3, 1.5, 4, 5 ], "texture": "#texture" },
        "north": { "uv": [ 4, 4, 5, 5 ], "texture": "#texture" },
        "south": { "uv": [ 3.5, 2.5, 4.5, 3.5 ], "texture": "#texture" },
        "west":  { "uv": [ 2, 2.5, 5.5, 3.5 ], "texture": "#texture" },
        "east":  { "uv": [ 2, 2, 5.5, 3 ], "texture": "#texture" }
    }
},
{
    "from": [ 8.375, 8.3075, -4.25 ],
    "to": [ 8.725, 9.375, -3 ],
    "rotation": { "origin": [ 8.375, 9.375, -4.25 ], "axis": "z", "angle": 45 },
    "faces": {
        "down":  { "uv": [ 1, 2, 6, 3.5 ], "texture": "#texture" },
        "up":    { "uv": [ 3, 1.5, 4, 5 ], "texture": "#texture" },
        "north": { "uv": [ 4, 4, 5, 5 ], "texture": "#texture" },
        "south": { "uv": [ 3.5, 2.5, 4.5, 3.5 ], "texture": "#texture" },
        "west":  { "uv": [ 2, 2.5, 5.5, 3.5 ], "texture": "#texture" },
        "east":  { "uv": [ 2, 2, 5.5, 3 ], "texture": "#texture" }
    }
},
{
    "__comment": "del*",
    "from": [ 8.625, 8.84, -5.1875 ],
    "to": [ 9.1875, 9.4025, -4.25 ],
    "faces": {
        "down":  { "uv": [ 1, 2, 6, 3.5 ], "texture": "#texture" },
        "up":    { "uv": [ 3, 1.5, 4, 5 ], "texture": "#texture" },
        "north": { "uv": [ 4, 4, 5, 5 ], "texture": "#texture" },
        "south": { "uv": [ 3.5, 2.5, 4.5, 3.5 ], "texture": "#texture" },
        "west":  { "uv": [ 2, 2.5, 5.5, 3.5 ], "texture": "#texture" },
        "east":  { "uv": [ 2, 2, 5.5, 3 ], "texture": "#texture" }
    }
},
{
    "from": [ 8.71875, 8.74625, -5.1875 ],
    "to": [ 9.09375, 9.49625, -4.25 ],
    "faces": {
        "down":  { "uv": [ 1, 2, 6, 3.5 ], "texture": "#texture" },
        "up":    { "uv": [ 3, 1.5, 4, 5 ], "texture": "#texture" },
        "north": { "uv": [ 4, 4, 5, 5 ], "texture": "#texture" },
        "south": { "uv": [ 3.5, 2.5, 4.5, 3.5 ], "texture": "#texture" },
        "west":  { "uv": [ 2, 2.5, 5.5, 3.5 ], "texture": "#texture" },
        "east":  { "uv": [ 2, 2, 5.5, 3 ], "texture": "#texture" }
    }
},
{
    "from": [ 8.53125, 8.93375, -5.1875 ],
    "to": [ 9.28125, 9.30875, -4.25 ],
    "faces": {
        "down":  { "uv": [ 1, 2, 6, 3.5 ], "texture": "#texture" },
        "up":    { "uv": [ 3, 1.5, 4, 5 ], "texture": "#texture" },
        "north": { "uv": [ 4, 4, 5, 5 ], "texture": "#texture" },
        "south": { "uv": [ 3.5, 2.5, 4.5, 3.5 ], "texture": "#texture" },
        "west":  { "uv": [ 2, 2.5, 5.5, 3.5 ], "texture": "#texture" },
        "east":  { "uv": [ 2, 2, 5.5, 3 ], "texture": "#texture" }
    }
},
{
    "from": [ 8.53125, 8.50812, -5.1875 ],
    "to": [ 8.79375, 9.30875, -4.25 ],
    "rotation": { "origin": [ 8.53125, 9.30875, -5.1875 ], "axis": "z", "angle": 45 },
    "faces": {
        "down":  { "uv": [ 1, 2, 6, 3.5 ], "texture": "#texture" },
        "up":    { "uv": [ 3, 1.5, 4, 5 ], "texture": "#texture" },
        "north": { "uv": [ 4, 4, 5, 5 ], "texture": "#texture" },
        "south": { "uv": [ 3.5, 2.5, 4.5, 3.5 ], "texture": "#texture" },
        "west":  { "uv": [ 2, 2.5, 5.5, 3.5 ], "texture": "#texture" },
        "east":  { "uv": [ 2, 2, 5.5, 3 ], "texture": "#texture" }
    }
},
{
    "from": [ 9.09375, 8.69562, -5.1875 ],
    "to": [ 9.35625, 9.49625, -4.25 ],
    "rotation": { "origin": [ 9.09375, 9.49625, -5.1875 ], "axis": "z", "angle": -45 },
    "faces": {
        "down":  { "uv": [ 1, 2, 6, 3.5 ], "texture": "#texture" },
        "up":    { "uv": [ 3, 1.5, 4, 5 ], "texture": "#texture" },
        "north": { "uv": [ 4, 4, 5, 5 ], "texture": "#texture" },
        "south": { "uv": [ 3.5, 2.5, 4.5, 3.5 ], "texture": "#texture" },
        "west":  { "uv": [ 2, 2.5, 5.5, 3.5 ], "texture": "#texture" },
        "east":  { "uv": [ 2, 2, 5.5, 3 ], "texture": "#texture" }
    }
},
{
    "from": [ 8.53125, 8.50812, -5.1875 ],
    "to": [ 8.79375, 9.30875, -4.25 ],
    "rotation": { "origin": [ 8.53125, 9.30875, -5.1875 ], "axis": "z", "angle": 45 },
    "faces": {
        "down":  { "uv": [ 1, 2, 6, 3.5 ], "texture": "#texture" },
        "up":    { "uv": [ 3, 1.5, 4, 5 ], "texture": "#texture" },
        "north": { "uv": [ 4, 4, 5, 5 ], "texture": "#texture" },
        "south": { "uv": [ 3.5, 2.5, 4.5, 3.5 ], "texture": "#texture" },
        "west":  { "uv": [ 2, 2.5, 5.5, 3.5 ], "texture": "#texture" },
        "east":  { "uv": [ 2, 2, 5.5, 3 ], "texture": "#texture" }
    }
}
],
"display": {
    "thirdperson_righthand": {
        "rotation": [ 4, 0, 10 ],
        "translation": [ -0.5, 0, -0.5 ],
        "scale": [ 0.8, 0.8, 0.8 ]
    },
    "thirdperson_lefthand": {
        "rotation": [ 4, 0, 10 ],
        "translation": [ -0.5, 0, -0.5 ],
        "scale": [ 0.8, 0.8, 0.8 ]
    },
    "head": {
        "rotation": [ 0, 0, 0 ],
        "translation": [ 0, 0, 0 ],
        "scale": [ 0, 0, 0 ]
    },
    "ground": {
        "rotation": [ 0, 0, 90 ],
        "translation": [ -2.5, 0, 0 ],
        "scale": [ 0.8, 0.8, 0.8 ]
    },
    "fixed": {
        "rotation": [ 0, -90, 0 ],
        "translation": [ 0, 0, -2 ],
        "scale": [ 0.8, 0.8, 0.8 ]
    },
    "firstperson_righthand": {
        "rotation": [ 0, 0, 5 ],
        "translation": [ 1, -0.76, -9.83 ],
        "scale": [ 1.6, 1.6, 1.6 ]
    },
    "firstperson_lefthand": {
        "rotation": [ 0, 0, 5 ],
        "translation": [ 1, -0.76, -9.83 ],
        "scale": [ 1.6, 1.6, 1.6 ]
    },
    "gui": {
        "rotation": [ -90, 135, 90 ],
        "translation": [ 0.1, 0.6, 0 ],
        "scale": [ 0.65, 0.65, 0.65 ]
    }
}
}