{
	"__comment": "Made by MadstonMagic using OPL's Model Creator and Cubik Pro, Copyright � MadstonMagic Modeling 2015-2016. All rights reserved",
	"textures": {
		"texture": "guns/pp2000"
	},
	"elements": [ 	 
		{
			"__comment": "x",
			"from": [ 6.25, 9.25, 12.25 ],
			"to": [ 7.75, 10, 13.75 ],
			"faces": {
				"down": { "uv": [ 7.375, 4, 8.375, 5.5 ], "texture": "#texture" },
				"up": { "uv": [ 5.75, 4.25, 6.75, 5.75 ], "texture": "#texture" },
				"north": { "uv": [ 6.5, 6, 7.5, 6.75 ], "texture": "#texture" },
				"south": { "uv": [ 6.5, 6, 7.5, 6.75 ], "texture": "#texture" },
				"west": { "uv": [ 8, 3.875, 9.5, 4.625 ], "texture": "#texture" },
				"east": { "uv": [ 6.25, 3, 7.75, 3.75 ], "texture": "#texture" }
			}
		},
		{
			"__comment": "x",
			"from": [ 6.26, 9.1875, 3.125 ],
			"to": [ 7.76, 9.6875, 12.375 ],
			"faces": {
				"down": { "uv": [ 0.375, 0.75, 10, 1.625 ], "texture": "#texture", "rotation": 270 },
				"up": { "uv": [ 0.125, 2.25, 10, 3.25 ], "texture": "#texture", "rotation": 90 },
				"north": { "uv": [ 6.625, 6.125, 7.625, 6.625 ], "texture": "#texture" },
				"south": { "uv": [ 6.375, 6.125, 7.375, 6.625 ], "texture": "#texture" },
				"west": { "uv": [ 0.5, 3.375, 9.75, 3.875 ], "texture": "#texture" },
				"east": { "uv": [ 0.875, 2.625, 10.125, 3.125 ], "texture": "#texture" }
			}
		},
		{
			"__comment": "x",
			"from": [ 6.25, 10, 12.75 ],
			"to": [ 7.75, 10.625, 13.75 ],
			"faces": {
				"up": { "uv": [ 5.875, 4.25, 6.875, 5.25 ], "texture": "#texture" },
				"north": { "uv": [ 6.5, 5.375, 7.5, 6 ], "texture": "#texture" },
				"south": { "uv": [ 6.5, 5.375, 7.5, 6 ], "texture": "#texture" },
				"west": { "uv": [ 6.75, 3.875, 7.75, 4.5 ], "texture": "#texture" },
				"east": { "uv": [ 7.625, 3.875, 8.625, 4.5 ], "texture": "#texture" }
			}
		},
		{
			"__comment": "x",
			"from": [ 6.25, 9.5, 12.75 ],
			"to": [ 7.75, 10.5, 13.5 ],
			"rotation": { "origin": [ 6.25, 10.5, 12.75 ], "axis": "x", "angle": 45 },
			"faces": {
				"down": { "uv": [ 5.5, 6.125, 6.5, 6.875 ], "texture": "#texture" },
				"up": { "uv": [ 5.625, 5.875, 6.625, 6.625 ], "texture": "#texture" },
				"north": { "uv": [ 6.5, 5.5, 7.5, 6.5 ], "texture": "#texture" },
				"south": { "uv": [ 6.5, 5.5, 7.5, 6.5 ], "texture": "#texture" },
				"west": { "uv": [ 8.125, 3.75, 8.875, 4.75 ], "texture": "#texture" },
				"east": { "uv": [ 8.5, 3.5, 9.25, 4.5 ], "texture": "#texture" }
			}
		},
		{
			"__comment": "x",
			"from": [ 6.25, 8.86, 11.3125 ],
			"to": [ 7.75, 9.61, 12.3125 ],
			"rotation": { "origin": [ 6.25, 9.61, 11.3125 ], "axis": "x", "angle": -22.5 },
			"faces": {
				"down": { "uv": [ 4.75, 5.375, 5.75, 6.375 ], "texture": "#texture" },
				"up": { "uv": [ 5.5, 4.5, 6.5, 5.5 ], "texture": "#texture" },
				"north": { "uv": [ 6.5, 6.375, 7.5, 7.125 ], "texture": "#texture" },
				"south": { "uv": [ 6.5, 6.375, 7.5, 7.125 ], "texture": "#texture" },
				"west": { "uv": [ 7.5, 3.875, 8.5, 4.625 ], "texture": "#texture" },
				"east": { "uv": [ 9.125, 3.875, 10.125, 4.625 ], "texture": "#texture" }
			}
		},
		{
			"__comment": "x",
			"from": [ 6.25, 8.9375, 2.8125 ],
			"to": [ 7.75, 9.375, 3.25 ],
			"rotation": { "origin": [ 6.25, 9.375, 2.8125 ], "axis": "x", "angle": -45 },
			"faces": {
				"down": { "uv": [ 6.5, 2.8125, 7.5, 3.25 ], "texture": "#texture" },
				"up": { "uv": [ 6.5, 2.8125, 7.5, 3.25 ], "texture": "#texture" },
				"north": { "uv": [ 6.5, 6.625, 7.5, 7.0625 ], "texture": "#texture" },
				"south": { "uv": [ 6.5, 6.625, 7.5, 7.0625 ], "texture": "#texture" },
				"west": { "uv": [ 2.8125, 6.625, 3.25, 7.0625 ], "texture": "#texture" },
				"east": { "uv": [ 2.8125, 6.625, 3.25, 7.0625 ], "texture": "#texture" }
			}
		},
		{
			"__comment": "x",
			"from": [ 6.25, 8.75, 2.8125 ],
			"to": [ 7.75, 9.375, 3.1875 ],
			"rotation": { "origin": [ 6.25, 9.375, 2.8125 ], "axis": "x", "angle": 22.5 },
			"faces": {
				"down": { "uv": [ 6.5, 2.8125, 7.5, 3.1875 ], "texture": "#texture" },
				"up": { "uv": [ 6.5, 2.8125, 7.5, 3.1875 ], "texture": "#texture" },
				"north": { "uv": [ 6.5, 6.375, 7.5, 7 ], "texture": "#texture" },
				"south": { "uv": [ 6.375, 6.375, 7.375, 7 ], "texture": "#texture" },
				"west": { "uv": [ 2.75, 6.375, 3.125, 7 ], "texture": "#texture" },
				"east": { "uv": [ 2.75, 6.5, 3.125, 7.125 ], "texture": "#texture" }
			}
		},
		{
			"__comment": "x",
			"from": [ 6.25, 6.5, 5 ],
			"to": [ 7.75, 9.25, 5.75 ],
			"faces": {
				"down": { "uv": [ 6.5, 5, 7.5, 5.75 ], "texture": "#texture" },
				"up": { "uv": [ 6.5, 5, 7.5, 5.75 ], "texture": "#texture" },
				"north": { "uv": [ 5.5, 3.25, 6.5, 6 ], "texture": "#texture" },
				"south": { "uv": [ 5.375, 2.25, 6.375, 5 ], "texture": "#texture" },
				"west": { "uv": [ 5.125, 2.625, 5.875, 5.375 ], "texture": "#texture" },
				"east": { "uv": [ 4.625, 2, 5.375, 4.75 ], "texture": "#texture" }
			}
		},
		{
			"__comment": "x",
			"from": [ 6.25, 5.75, 3.75 ],
			"to": [ 7.75, 9.25, 4.3125 ],
			"faces": {
				"down": { "uv": [ 6.5, 3.75, 7.5, 4.3125 ], "texture": "#texture" },
				"up": { "uv": [ 6.5, 3.75, 7.5, 4.3125 ], "texture": "#texture" },
				"north": { "uv": [ 4.875, 1.75, 5.875, 5.25 ], "texture": "#texture" },
				"south": { "uv": [ 4.75, 1.875, 5.75, 5.375 ], "texture": "#texture" },
				"west": { "uv": [ 4.5, 2.75, 5.0625, 6.25 ], "texture": "#texture" },
				"east": { "uv": [ 5, 2, 5.5625, 5.5 ], "texture": "#texture" }
			}
		},
		{
			"__comment": "x",
			"from": [ 6.26, 9.1875, 3.625 ],
			"to": [ 7.76, 9.6875, 4.375 ],
			"rotation": { "origin": [ 6.26, 9.6875, 3.625 ], "axis": "x", "angle": 45 },
			"faces": {
				"down": { "uv": [ 6.5, 3.625, 7.5, 4.375 ], "texture": "#texture" },
				"up": { "uv": [ 6.5, 3.625, 7.5, 4.375 ], "texture": "#texture" },
				"north": { "uv": [ 6.5, 6.3125, 7.5, 6.8125 ], "texture": "#texture" },
				"south": { "uv": [ 6.5, 6.3125, 7.5, 6.8125 ], "texture": "#texture" },
				"west": { "uv": [ 3.625, 6.3125, 4.375, 6.8125 ], "texture": "#texture" },
				"east": { "uv": [ 3.625, 6.3125, 4.375, 6.8125 ], "texture": "#texture" }
			}
		},
		{
			"__comment": "x",
			"from": [ 6.26, 5.7075, 4.1 ],
			"to": [ 7.76, 6.2075, 8.85 ],
			"rotation": { "origin": [ 6.26, 6.2075, 4.1 ], "axis": "x", "angle": -22.5 },
			"faces": {
				"down": { "uv": [ 5.875, 0.5, 6.875, 5.25 ], "texture": "#texture" },
				"up": { "uv": [ 5.375, 0.875, 6.375, 5.625 ], "texture": "#texture" },
				"north": { "uv": [ 4.5, 4.125, 5.5, 4.625 ], "texture": "#texture" },
				"south": { "uv": [ 5.375, 4.75, 6.375, 5.25 ], "texture": "#texture" },
				"west": { "uv": [ 3, 4.5, 7.75, 5 ], "texture": "#texture" },
				"east": { "uv": [ 3.625, 3.25, 8.375, 3.75 ], "texture": "#texture" }
			}
		},
		{
			"__comment": "x",
			"from": [ 6.25, 8.125, 4.375 ],
			"to": [ 7.75, 9.125, 4.875 ],
			"rotation": { "origin": [ 6.25, 9.125, 4.375 ], "axis": "x", "angle": -45 },
			"faces": {
				"down": { "uv": [ 6.5, 4.375, 7.5, 4.875 ], "texture": "#texture" },
				"north": { "uv": [ 5.5, 3.75, 6.5, 4.75 ], "texture": "#texture" },
				"south": { "uv": [ 6.25, 5.75, 7.25, 6.75 ], "texture": "#texture" },
				"west": { "uv": [ 4.25, 5, 4.75, 6 ], "texture": "#texture" },
				"east": { "uv": [ 4.25, 6, 4.75, 7 ], "texture": "#texture" }
			}
		},
		{
			"__comment": "x",
			"from": [ 6.25, 9.125, 4.375 ],
			"to": [ 7.75, 9.625, 5.375 ],
			"rotation": { "origin": [ 6.25, 9.625, 4.375 ], "axis": "x", "angle": 22.5 },
			"faces": {
				"down": { "uv": [ 6.5, 4.375, 7.5, 5.375 ], "texture": "#texture" },
				"up": { "uv": [ 6.5, 4.375, 7.5, 5.375 ], "texture": "#texture" },
				"north": { "uv": [ 6.5, 6.375, 7.5, 6.875 ], "texture": "#texture" },
				"south": { "uv": [ 6.5, 6.375, 7.5, 6.875 ], "texture": "#texture" },
				"west": { "uv": [ 4.375, 6.375, 5.375, 6.875 ], "texture": "#texture" },
				"east": { "uv": [ 4.375, 6.375, 5.375, 6.875 ], "texture": "#texture" }
			}
		},
		{
			"__comment": "x",
			"from": [ 6.25, 4.25, 8 ],
			"to": [ 7.75, 9.25, 8.75 ],
			"faces": {
				"down": { "uv": [ 5.25, 3.75, 6.25, 4.5 ], "texture": "#texture" },
				"up": { "uv": [ 7, 5.625, 8, 6.375 ], "texture": "#texture" },
				"north": { "uv": [ 6.625, 0.75, 7.625, 5.75 ], "texture": "#texture" },
				"south": { "uv": [ 8.375, 1.25, 9.375, 6.25 ], "texture": "#texture" },
				"west": { "uv": [ 6.75, 1.5, 7.5, 6.5 ], "texture": "#texture" },
				"east": { "uv": [ 4, 1.125, 4.75, 6.125 ], "texture": "#texture" }
			}
		},
		{
			"__comment": "x",
			"from": [ 6.25, 7.0625, 7.4375 ],
			"to": [ 7.75, 7.5625, 8.4375 ],
			"rotation": { "origin": [ 6.25, 7.5625, 7.4375 ], "axis": "x", "angle": -45 },
			"faces": {
				"down": { "uv": [ 5.375, 5.5, 6.375, 6.5 ], "texture": "#texture" },
				"up": { "uv": [ 5.75, 4.5, 6.75, 5.5 ], "texture": "#texture" },
				"north": { "uv": [ 6.125, 6.25, 7.125, 6.75 ], "texture": "#texture" },
				"south": { "uv": [ 4.875, 3.875, 5.875, 4.375 ], "texture": "#texture" },
				"west": { "uv": [ 6.125, 3.875, 7.125, 4.375 ], "texture": "#texture" },
				"east": { "uv": [ 5.375, 4.125, 6.375, 4.625 ], "texture": "#texture" }
			}
		},
		{
			"__comment": "x",
			"from": [ 6.25, 8.3125, 7.3125 ],
			"to": [ 7.75, 9.3125, 7.8125 ],
			"rotation": { "origin": [ 6.25, 9.3125, 7.3125 ], "axis": "x", "angle": -45 },
			"faces": {
				"down": { "uv": [ 5.5, 4.875, 6.5, 5.375 ], "texture": "#texture" },
				"up": { "uv": [ 5.875, 4.75, 6.875, 5.25 ], "texture": "#texture" },
				"north": { "uv": [ 5.875, 4.5, 6.875, 5.5 ], "texture": "#texture" },
				"south": { "uv": [ 5.5, 4.5, 6.5, 5.5 ], "texture": "#texture" },
				"west": { "uv": [ 6.375, 4.625, 6.875, 5.625 ], "texture": "#texture" },
				"east": { "uv": [ 5.125, 4, 5.625, 5 ], "texture": "#texture" }
			}
		},
		{
			"__comment": "x",
			"from": [ 6.25, 8.0625, 7.625 ],
			"to": [ 7.75, 9.0625, 8.125 ],
			"rotation": { "origin": [ 6.25, 9.0625, 7.625 ], "axis": "x", "angle": -22.5 },
			"faces": {
				"down": { "uv": [ 6.5, 5.25, 7.5, 5.75 ], "texture": "#texture" },
				"up": { "uv": [ 6.375, 5.625, 7.375, 6.125 ], "texture": "#texture" },
				"north": { "uv": [ 5.5, 4.75, 6.5, 5.75 ], "texture": "#texture" },
				"south": { "uv": [ 6, 4.5, 7, 5.5 ], "texture": "#texture" },
				"west": { "uv": [ 6.75, 4.875, 7.25, 5.875 ], "texture": "#texture" },
				"east": { "uv": [ 5.75, 3.75, 6.25, 4.75 ], "texture": "#texture" }
			}
		},
		{
			"__comment": "x",
			"from": [ 6.25, 9.1875, 7 ],
			"to": [ 7.75, 9.6875, 8 ],
			"rotation": { "origin": [ 6.25, 9.6875, 7 ], "axis": "x", "angle": 22.5 },
			"faces": {
				"down": { "uv": [ 6.375, 5.25, 7.375, 6.25 ], "texture": "#texture" },
				"up": { "uv": [ 6.5, 6.125, 7.5, 7.125 ], "texture": "#texture" },
				"north": { "uv": [ 6.375, 5.875, 7.375, 6.375 ], "texture": "#texture" },
				"south": { "uv": [ 6.5, 6.3125, 7.5, 6.8125 ], "texture": "#texture" },
				"west": { "uv": [ 7, 6.3125, 8, 6.8125 ], "texture": "#texture" },
				"east": { "uv": [ 7, 6.3125, 8, 6.8125 ], "texture": "#texture" }
			}
		},
		{
			"from": [ 6.675, 8.42, 7.2 ],
			"to": [ 7.425, 9.22, 7.6 ],
			"faces": {
				"down": { "uv": [ 6.875, 8.5, 7.25, 8.875 ], "texture": "#texture" },
				"up": { "uv": [ 6.75, 8, 7.125, 8.375 ], "texture": "#texture" },
				"north": { "uv": [ 6.875, 7.875, 7.25, 8.625 ], "texture": "#texture" },
				"south": { "uv": [ 6.5, 8.375, 6.875, 9.125 ], "texture": "#texture" },
				"west": { "uv": [ 7, 8, 7.375, 8.75 ], "texture": "#texture" },
				"east": { "uv": [ 6.75, 8.125, 7.125, 8.875 ], "texture": "#texture" }
			}
		},
		{
			"__comment": "x",
			"from": [ 6.25, 4.095, 8.375 ],
			"to": [ 7.75, 4.595, 9.375 ],
			"rotation": { "origin": [ 6.25, 4.595, 8.375 ], "axis": "x", "angle": -45 },
			"faces": {
				"down": { "uv": [ 6.625, 4.25, 7.625, 5.25 ], "texture": "#texture" },
				"up": { "uv": [ 6, 3.5, 7, 4.5 ], "texture": "#texture" },
				"north": { "uv": [ 6, 5.25, 7, 5.75 ], "texture": "#texture" },
				"south": { "uv": [ 6.125, 5.625, 7.125, 6.125 ], "texture": "#texture" },
				"west": { "uv": [ 6.875, 6, 7.875, 6.5 ], "texture": "#texture" },
				"east": { "uv": [ 6.75, 5.375, 7.75, 5.875 ], "texture": "#texture" }
			}
		},
		{
			"__comment": "x",
			"from": [ 6.25, 4.75, 9.125 ],
			"to": [ 7.75, 5.25, 9.625 ],
			"faces": {
				"down": { "uv": [ 6.375, 4.5, 7.375, 5 ], "texture": "#texture" },
				"up": { "uv": [ 6.5, 4.625, 7.5, 5.125 ], "texture": "#texture" },
				"north": { "uv": [ 6.125, 5.375, 7.125, 5.875 ], "texture": "#texture" },
				"south": { "uv": [ 6.125, 4.375, 7.125, 4.875 ], "texture": "#texture" },
				"west": { "uv": [ 6.625, 5.625, 7.125, 6.125 ], "texture": "#texture" },
				"east": { "uv": [ 6.875, 5.25, 7.375, 5.75 ], "texture": "#texture" }
			}
		},
		{
			"__comment": "x",
			"from": [ 6.25, 4.45, 9.55 ],
			"to": [ 7.75, 4.85, 9.75 ],
			"rotation": { "origin": [ 6.25, 4.85, 9.55 ], "axis": "x", "angle": -45 },
			"faces": {
				"down": { "uv": [ 6, 5.125, 7, 5.3125 ], "texture": "#texture" },
				"up": { "uv": [ 6.125, 4.5, 7.125, 4.6875 ], "texture": "#texture" },
				"north": { "uv": [ 6.25, 5.625, 7.25, 6 ], "texture": "#texture" },
				"south": { "uv": [ 5.125, 5.125, 6.125, 5.5 ], "texture": "#texture" },
				"west": { "uv": [ 7, 5.125, 7.1875, 5.5 ], "texture": "#texture" },
				"east": { "uv": [ 5.375, 3.75, 5.5625, 4.125 ], "texture": "#texture" }
			}
		},
		{
			"__comment": "x",
			"from": [ 6.25, 4.95, 9.5 ],
			"to": [ 7.75, 5.15, 9.9 ],
			"rotation": { "origin": [ 6.25, 5.15, 9.5 ], "axis": "x", "angle": -45 },
			"faces": {
				"down": { "uv": [ 5.875, 3.75, 6.875, 4.125 ], "texture": "#texture" },
				"up": { "uv": [ 5.75, 5.125, 6.75, 5.5 ], "texture": "#texture" },
				"north": { "uv": [ 5.625, 5, 6.625, 5.1875 ], "texture": "#texture" },
				"south": { "uv": [ 5.875, 5.75, 6.875, 5.9375 ], "texture": "#texture" },
				"west": { "uv": [ 7.625, 4.875, 8, 5.0625 ], "texture": "#texture" },
				"east": { "uv": [ 7.125, 4.125, 7.5, 4.3125 ], "texture": "#texture" }
			}
		},
		{
			"__comment": "x",
			"from": [ 6.25, 5.2, 9.8 ],
			"to": [ 7.75, 5.4, 10.2 ],
			"faces": {
				"down": { "uv": [ 5.125, 4.875, 6.125, 5.25 ], "texture": "#texture" },
				"up": { "uv": [ 5.625, 5.5, 6.625, 5.875 ], "texture": "#texture" },
				"north": { "uv": [ 6.125, 5.25, 7.125, 5.4375 ], "texture": "#texture" },
				"south": { "uv": [ 5, 4.5, 6, 4.6875 ], "texture": "#texture" },
				"west": { "uv": [ 6.75, 5.125, 7.125, 5.3125 ], "texture": "#texture" },
				"east": { "uv": [ 7.125, 6.25, 7.5, 6.4375 ], "texture": "#texture" }
			}
		},
		{
			"__comment": "x",
			"from": [ 6.25, 4.6, 9.8 ],
			"to": [ 7.75, 4.8, 10.2 ],
			"faces": {
				"down": { "uv": [ 6.75, 5.625, 7.75, 6 ], "texture": "#texture" },
				"up": { "uv": [ 5.375, 4.375, 6.375, 4.75 ], "texture": "#texture" },
				"north": { "uv": [ 5.25, 4.625, 6.25, 4.8125 ], "texture": "#texture" },
				"south": { "uv": [ 5.25, 4.875, 6.25, 5.0625 ], "texture": "#texture" },
				"west": { "uv": [ 6, 4.75, 6.375, 4.9375 ], "texture": "#texture" },
				"east": { "uv": [ 6.75, 4.75, 7.125, 4.9375 ], "texture": "#texture" }
			}
		},
		{
			"__comment": "x",
			"from": [ 6.25, 4.85, 10.05 ],
			"to": [ 7.75, 5.25, 10.25 ],
			"rotation": { "origin": [ 6.25, 5.25, 10.05 ], "axis": "x", "angle": -45 },
			"faces": {
				"down": { "uv": [ 6.25, 4.625, 7.25, 4.8125 ], "texture": "#texture" },
				"up": { "uv": [ 5.75, 4.875, 6.75, 5.0625 ], "texture": "#texture" },
				"north": { "uv": [ 5.5, 4.75, 6.5, 5.125 ], "texture": "#texture" },
				"south": { "uv": [ 6, 5.625, 7, 6 ], "texture": "#texture" },
				"west": { "uv": [ 6.75, 5.25, 6.9375, 5.625 ], "texture": "#texture" },
				"east": { "uv": [ 6.625, 4.375, 6.8125, 4.75 ], "texture": "#texture" }
			}
		},
		{
			"__comment": "x",
			"from": [ 6.25, 4.55, 10.05 ],
			"to": [ 7.75, 4.75, 10.45 ],
			"rotation": { "origin": [ 6.25, 4.75, 10.05 ], "axis": "x", "angle": -45 },
			"faces": {
				"down": { "uv": [ 6.75, 5.625, 7.75, 6 ], "texture": "#texture" },
				"up": { "uv": [ 4.75, 4.375, 5.75, 4.75 ], "texture": "#texture" },
				"north": { "uv": [ 6.375, 4.875, 7.375, 5.0625 ], "texture": "#texture" },
				"south": { "uv": [ 7, 5.375, 8, 5.5625 ], "texture": "#texture" },
				"west": { "uv": [ 6.75, 3.5, 7.125, 3.6875 ], "texture": "#texture" },
				"east": { "uv": [ 7.75, 6.125, 8.125, 6.3125 ], "texture": "#texture" }
			}
		},
		{
			"__comment": "x",
			"from": [ 6.25, 4.9, 10.316 ],
			"to": [ 7.75, 5.1, 10.466 ],
			"faces": {
				"down": { "uv": [ 6.875, 4.375, 7.875, 4.5 ], "texture": "#texture" },
				"up": { "uv": [ 6.125, 5, 7.125, 5.125 ], "texture": "#texture" },
				"north": { "uv": [ 5.75, 5.875, 6.75, 6.0625 ], "texture": "#texture" },
				"south": { "uv": [ 5.625, 4.125, 6.625, 4.3125 ], "texture": "#texture" },
				"west": { "uv": [ 7.5, 4.375, 7.625, 4.5625 ], "texture": "#texture" },
				"east": { "uv": [ 6.5, 2.875, 6.625, 3.0625 ], "texture": "#texture" }
			}
		},
		{
			"__comment": "x",
			"from": [ 6.25, 4.8625, 9.5625 ],
			"to": [ 7.75, 5.0625, 9.7125 ],
			"faces": {
				"down": { "uv": [ 5.625, 4.25, 6.625, 4.375 ], "texture": "#texture" },
				"up": { "uv": [ 5.875, 3.625, 6.875, 3.75 ], "texture": "#texture" },
				"north": { "uv": [ 3.625, 4.75, 4.625, 4.9375 ], "texture": "#texture" },
				"south": { "uv": [ 5.875, 4.75, 6.875, 4.9375 ], "texture": "#texture" },
				"west": { "uv": [ 7.75, 4.875, 7.875, 5.0625 ], "texture": "#texture" },
				"east": { "uv": [ 4.5, 3, 4.625, 3.1875 ], "texture": "#texture" }
			}
		},
		{
			"__comment": "x",
			"from": [ 6.25, 5.125, 10.1875 ],
			"to": [ 7.75, 6.375, 10.4375 ],
			"faces": {
				"down": { "uv": [ 6, 5, 7, 5.25 ], "texture": "#texture" },
				"up": { "uv": [ 5.75, 3.625, 6.75, 3.875 ], "texture": "#texture" },
				"north": { "uv": [ 6, 2.875, 7, 4.125 ], "texture": "#texture" },
				"south": { "uv": [ 5.875, 3.5, 6.875, 4.75 ], "texture": "#texture" },
				"west": { "uv": [ 7.5, 3.375, 7.75, 4.625 ], "texture": "#texture" },
				"east": { "uv": [ 8.375, 4.125, 8.625, 5.375 ], "texture": "#texture" }
			}
		},
		{
			"__comment": "x",
			"from": [ 6.25, 6.0625, 9.5 ],
			"to": [ 7.75, 7.3125, 10 ],
			"rotation": { "origin": [ 6.25, 7.3125, 9.5 ], "axis": "x", "angle": -22.5 },
			"faces": {
				"down": { "uv": [ 6, 3.25, 7, 3.75 ], "texture": "#texture" },
				"north": { "uv": [ 6.25, 5.375, 7.25, 6.625 ], "texture": "#texture" },
				"south": { "uv": [ 5.75, 3.625, 6.75, 4.875 ], "texture": "#texture" },
				"west": { "uv": [ 7.625, 3.5, 8.125, 4.75 ], "texture": "#texture" },
				"east": { "uv": [ 6.375, 2.375, 6.875, 3.625 ], "texture": "#texture" }
			}
		},
		{
			"__comment": "x",
			"from": [ 6.25, 7.3125, 9.5 ],
			"to": [ 7.75, 9.1875, 10 ],
			"faces": {
				"up": { "uv": [ 5.75, 4.375, 6.75, 4.875 ], "texture": "#texture" },
				"north": { "uv": [ 5.75, 3.875, 6.75, 5.75 ], "texture": "#texture" },
				"south": { "uv": [ 6, 1.5, 7, 3.375 ], "texture": "#texture" },
				"west": { "uv": [ 8.25, 3.125, 8.75, 5 ], "texture": "#texture" },
				"east": { "uv": [ 6.125, 0.75, 6.625, 2.625 ], "texture": "#texture" }
			}
		},
		{
			"__comment": "x",
			"from": [ 6.25, 6.8125, 7.8125 ],
			"to": [ 7.75, 7.3125, 8.3125 ],
			"rotation": { "origin": [ 6.25, 7.3125, 7.8125 ], "axis": "x", "angle": -22.5 },
			"faces": {
				"down": { "uv": [ 6.625, 6, 7.625, 6.5 ], "texture": "#texture" },
				"up": { "uv": [ 6.5, 4.75, 7.5, 5.25 ], "texture": "#texture" },
				"north": { "uv": [ 6.125, 6.375, 7.125, 6.875 ], "texture": "#texture" },
				"south": { "uv": [ 6.125, 5.75, 7.125, 6.25 ], "texture": "#texture" },
				"west": { "uv": [ 7.375, 5.875, 7.875, 6.375 ], "texture": "#texture" },
				"east": { "uv": [ 7, 5.875, 7.5, 6.375 ], "texture": "#texture" }
			}
		},
		{
			"__comment": "x",
			"from": [ 6.25, 7.3125, 7.75 ],
			"to": [ 7.75, 7.8125, 8.25 ],
			"rotation": { "origin": [ 6.25, 7.8125, 7.75 ], "axis": "x", "angle": 22.5 },
			"faces": {
				"down": { "uv": [ 8.25, 5.5, 9.25, 6 ], "texture": "#texture" },
				"up": { "uv": [ 6.5, 5.25, 7.5, 5.75 ], "texture": "#texture" },
				"north": { "uv": [ 6.5, 5.75, 7.5, 6.25 ], "texture": "#texture" },
				"south": { "uv": [ 7.875, 5.5, 8.875, 6 ], "texture": "#texture" },
				"west": { "uv": [ 7.25, 5.875, 7.75, 6.375 ], "texture": "#texture" },
				"east": { "uv": [ 8, 5.5, 8.5, 6 ], "texture": "#texture" }
			}
		},
		{
			"__comment": "x",
			"from": [ 6.25, 3.9375, 8.25 ],
			"to": [ 7.75, 4.6875, 8.5 ],
			"rotation": { "origin": [ 6.25, 4.6875, 8.25 ], "axis": "x", "angle": 45 },
			"faces": {
				"down": { "uv": [ 5.75, 4.5, 6.75, 4.75 ], "texture": "#texture" },
				"up": { "uv": [ 5.5, 4.625, 6.5, 4.875 ], "texture": "#texture" },
				"north": { "uv": [ 5.75, 4, 6.75, 4.75 ], "texture": "#texture" },
				"south": { "uv": [ 3.5, 3, 4.5, 3.75 ], "texture": "#texture" },
				"west": { "uv": [ 6.75, 4.75, 7, 5.5 ], "texture": "#texture" },
				"east": { "uv": [ 6, 4.25, 6.25, 5 ], "texture": "#texture" }
			}
		},
		{
			"__comment": "yy",
			"from": [ 6.35, 5, 8.75 ],
			"to": [ 7.6, 9.25, 9.5 ],
			"faces": {
				"down": { "uv": [ 7.125, 5, 7.875, 5.75 ], "texture": "#texture" },
				"up": { "uv": [ 6.875, 4.375, 7.625, 5.125 ], "texture": "#texture" },
				"south": { "uv": [ 8.5, 1.25, 9.25, 5.5 ], "texture": "#texture" },
				"west": { "uv": [ 7.875, 1.875, 8.625, 6.125 ], "texture": "#texture" },
				"east": { "uv": [ 8, 1.875, 8.75, 6.125 ], "texture": "#texture" }
			}
		},
		{
			"__comment": "yy",
			"from": [ 6.35, 5.1875, 9.5 ],
			"to": [ 7.6, 7.3125, 9.75 ],
			"faces": {
				"down": { "uv": [ 9.375, 5.625, 10.125, 5.875 ], "texture": "#texture" },
				"north": { "uv": [ 4.75, 3.875, 5.5, 6 ], "texture": "#texture" },
				"south": { "uv": [ 7.25, 3.625, 8, 5.75 ], "texture": "#texture" },
				"west": { "uv": [ 7.25, 4.25, 7.5, 6.375 ], "texture": "#texture" },
				"east": { "uv": [ 8.625, 4.25, 8.875, 6.375 ], "texture": "#texture" }
			}
		},
		{
			"__comment": "yy",
			"from": [ 6.35, 5.375, 9.75 ],
			"to": [ 7.6, 6.6875, 10.25 ],
			"faces": {
				"down": { "uv": [ 5.625, 4.25, 6.375, 4.75 ], "texture": "#texture" },
				"up": { "uv": [ 7.625, 4.75, 8.375, 5.25 ], "texture": "#texture" },
				"north": { "uv": [ 8.25, 3.625, 9, 4.9375 ], "texture": "#texture" },
				"south": { "uv": [ 8.5, 4, 9.25, 5.3125 ], "texture": "#texture" },
				"west": { "uv": [ 7.25, 5, 7.75, 6.3125 ], "texture": "#texture" },
				"east": { "uv": [ 7.875, 3.625, 8.375, 4.9375 ], "texture": "#texture" }
			}
		},
		{
			"__comment": "x",
			"from": [ 6.25, 8.1875, 9.625 ],
			"to": [ 7.75, 8.9375, 11.5 ],
			"rotation": { "origin": [ 6.25, 8.9375, 9.625 ], "axis": "x", "angle": -22.5 },
			"faces": {
				"down": { "uv": [ 5.5, 2.625, 6.5, 4.5 ], "texture": "#texture" },
				"up": { "uv": [ 6.625, 1.75, 7.625, 3.625 ], "texture": "#texture" },
				"north": { "uv": [ 6.25, 4.875, 7.25, 5.625 ], "texture": "#texture" },
				"south": { "uv": [ 6.375, 5.375, 7.375, 6.125 ], "texture": "#texture" },
				"west": { "uv": [ 5.625, 3.5, 7.5, 4.25 ], "texture": "#texture" },
				"east": { "uv": [ 6.625, 3.375, 8.5, 4.125 ], "texture": "#texture" }
			}
		},
		{
			"__comment": "x",
			"from": [ 6.25, 8.75, 10 ],
			"to": [ 7.75, 9.1875, 10.5 ],
			"faces": {
				"down": { "uv": [ 5.5, 4.5, 6.5, 5 ], "texture": "#texture" },
				"up": { "uv": [ 5.5, 3.5, 6.5, 4 ], "texture": "#texture" },
				"south": { "uv": [ 6.625, 4.625, 7.625, 5.0625 ], "texture": "#texture" },
				"west": { "uv": [ 9.5, 6.375, 10, 6.8125 ], "texture": "#texture" },
				"east": { "uv": [ 5, 2.25, 5.5, 2.6875 ], "texture": "#texture" }
			}
		},
		{
			"__comment": "x",
			"from": [ 6.25, 8.5, 10 ],
			"to": [ 7.75, 9.1875, 12.3125 ],
			"faces": {
				"down": { "uv": [ 5.125, 3.125, 6.125, 5.4375 ], "texture": "#texture" },
				"up": { "uv": [ 5.375, 3.125, 6.375, 5.4375 ], "texture": "#texture" },
				"south": { "uv": [ 6.125, 4.625, 7.125, 5.3125 ], "texture": "#texture" },
				"west": { "uv": [ 5.25, 4.25, 7.5625, 4.9375 ], "texture": "#texture" },
				"east": { "uv": [ 6.375, 4, 8.6875, 4.6875 ], "texture": "#texture" }
			}
		},
		{
			"__comment": "yy",
			"from": [ 6.35, 8.25, 12.25 ],
			"to": [ 7.6, 9.25, 13.5 ],
			"faces": {
				"down": { "uv": [ 5.875, 4.125, 6.625, 5.375 ], "texture": "#texture" },
				"north": { "uv": [ 6, 3.375, 6.75, 4.375 ], "texture": "#texture" },
				"west": { "uv": [ 6.375, 4.125, 7.625, 5.125 ], "texture": "#texture" },
				"east": { "uv": [ 5.5, 2.625, 6.75, 3.625 ], "texture": "#texture" }
			}
		},
		{
			"__comment": "yy",
			"from": [ 6.35, 8.22, 12.355 ],
			"to": [ 7.6, 8.47, 13.23 ],
			"rotation": { "origin": [ 6.35, 8.47, 12.355 ], "axis": "x", "angle": 22.5 },
			"faces": {
				"down": { "uv": [ 6.125, 4.875, 6.875, 5.75 ], "texture": "#texture" },
				"up": { "uv": [ 5.625, 3.875, 6.375, 4.75 ], "texture": "#texture" },
				"north": { "uv": [ 5.875, 4, 6.625, 4.25 ], "texture": "#texture" },
				"south": { "uv": [ 5.875, 2.75, 6.625, 3 ], "texture": "#texture" },
				"west": { "uv": [ 6.25, 3.875, 7.125, 4.125 ], "texture": "#texture" },
				"east": { "uv": [ 5.375, 3.5, 6.25, 3.75 ], "texture": "#texture" }
			}
		},
		{
			"__comment": "yy",
			"from": [ 6.35, 7.9075, 13.075 ],
			"to": [ 7.6, 8.22, 13.6375 ],
			"faces": {
				"down": { "uv": [ 5.625, 3.75, 6.375, 4.3125 ], "texture": "#texture" },
				"up": { "uv": [ 4.25, 4.375, 5, 4.9375 ], "texture": "#texture" },
				"north": { "uv": [ 5.75, 4.5, 6.5, 4.75 ], "texture": "#texture" },
				"south": { "uv": [ 5.875, 4.25, 6.625, 4.5 ], "texture": "#texture" },
				"west": { "uv": [ 8.625, 4.875, 9.1875, 5.125 ], "texture": "#texture" },
				"east": { "uv": [ 7.875, 4.75, 8.4375, 5 ], "texture": "#texture" }
			}
		},
		{
			"__comment": "yy",
			"from": [ 6.35, 8.1675, 12.8125 ],
			"to": [ 7.6, 8.2925, 13.5 ],
			"faces": {
				"down": { "uv": [ 7.75, 5.125, 8.5, 5.8125 ], "texture": "#texture" },
				"up": { "uv": [ 5.75, 4.5, 6.5, 5.1875 ], "texture": "#texture" },
				"north": { "uv": [ 5.875, 4.625, 6.625, 4.75 ], "texture": "#texture" },
				"west": { "uv": [ 7.25, 4.375, 7.9375, 4.5 ], "texture": "#texture" },
				"east": { "uv": [ 6.625, 4.875, 7.3125, 5 ], "texture": "#texture" }
			}
		},
		{
			"__comment": "x",
			"from": [ 6.25, 7.875, 13.5 ],
			"to": [ 7.75, 9.25, 13.75 ],
			"faces": {
				"down": { "uv": [ 5.25, 3.5, 6.25, 3.75 ], "texture": "#texture" },
				"north": { "uv": [ 6, 3.375, 7, 4.75 ], "texture": "#texture" },
				"south": { "uv": [ 2, 2.75, 3, 4.125 ], "texture": "#texture" },
				"west": { "uv": [ 5.75, 4.25, 6, 5.625 ], "texture": "#texture" },
				"east": { "uv": [ 8.875, 2.75, 9.125, 4.125 ], "texture": "#texture" }
			}
		},
		{
			"__comment": "yy",
			"from": [ 6.375, 8.125, 13.75 ],
			"to": [ 7.625, 10.25, 14 ],
			"faces": {
				"down": { "uv": [ 7, 4.75, 7.75, 5 ], "texture": "#texture" },
				"up": { "uv": [ 6.625, 4, 7.375, 4.25 ], "texture": "#texture" },
				"north": { "uv": [ 5.75, 2.625, 6.5, 4.75 ], "texture": "#texture" },
				"south": { "uv": [ 6.625, 3.75, 7.375, 5.875 ], "texture": "#texture" },
				"west": { "uv": [ 7.25, 3, 7.5, 5.125 ], "texture": "#texture" },
				"east": { "uv": [ 8.25, 3.875, 8.5, 6 ], "texture": "#texture" }
			}
		},
		{
			"__comment": "yy",
			"from": [ 6.375, 9.645, 7.625 ],
			"to": [ 7.625, 10.52, 12.875 ],
			"faces": {
				"down": { "uv": [ 2.5, 0.625, 3.25, 5.8125 ], "texture": "#texture" },
				"up": { "uv": [ 5.75, 1.125, 6.5, 6.3125 ], "texture": "#texture" },
				"north": { "uv": [ 6.625, 5.4375, 7.375, 6.25 ], "texture": "#texture" },
				"south": { "uv": [ 6.625, 5.4375, 7.375, 6.25 ], "texture": "#texture" },
				"west": { "uv": [ 3, 3.75, 8.1875, 4.5625 ], "texture": "#texture" },
				"east": { "uv": [ 3.625, 3.25, 8.8125, 4.0625 ], "texture": "#texture" }
			}
		},
		{
			"__comment": "yy",
			"from": [ 6.375, 9.554999, 6.495 ],
			"to": [ 7.625, 10.3675, 7.6825 ],
			"faces": {
				"down": { "uv": [ 6.75, 3.625, 6.75, 4.875 ], "texture": "#texture" },
				"up": { "uv": [ 5.875, 3, 5.875, 4.125 ], "texture": "#texture" },
				"north": { "uv": [ 6.625, 5.625, 6.6875, 6.4375 ], "texture": "#texture" },
				"south": { "uv": [ 6.625, 5.625, 6.6875, 6.4375 ], "texture": "#texture" },
				"west": { "uv": [ 6.125, 4, 7.25, 4.8125 ], "texture": "#texture" },
				"east": { "uv": [ 5.5, 4, 6.625, 4.8125 ], "texture": "#texture" }
			}
		},
		{
			"__comment": "barrel",
			"from": [ 6.75, 9.375, 2.25 ],
			"to": [ 7.25, 9.875, 9.25 ],
			"faces": {
				"down": { "uv": [ 0.875, 14.875, 9.25, 15.375 ], "texture": "#texture", "rotation": 270 },
				"up": { "uv": [ 0.125, 15.25, 8.25, 15.75 ], "texture": "#texture", "rotation": 90 },
				"north": { "uv": [ 6, 15, 6.5, 15.5 ], "texture": "#texture" },
				"south": { "uv": [ 6.625, 15.25, 7.125, 15.75 ], "texture": "#texture" },
				"west": { "uv": [ 2, 15.125, 9, 15.625 ], "texture": "#texture" },
				"east": { "uv": [ 1.625, 15.25, 8.625, 15.75 ], "texture": "#texture" }
			}
		},
		{
			"__comment": "barrel",
			"from": [ 6.8125, 9.3125, 2.25 ],
			"to": [ 7.1875, 9.9375, 9.25 ],
			"faces": {
				"down": { "uv": [ 2.375, 15.375, 9.625, 15.75 ], "texture": "#texture", "rotation": 270 },
				"up": { "uv": [ 1, 15.25, 8.125, 15.625 ], "texture": "#texture", "rotation": 90 },
				"north": { "uv": [ 6.375, 14.875, 6.75, 15.5 ], "texture": "#texture" },
				"south": { "uv": [ 7.25, 15.125, 7.625, 15.75 ], "texture": "#texture" },
				"west": { "uv": [ 2, 15, 9, 15.625 ], "texture": "#texture" }
			}
		},
		{
			"__comment": "barrel",
			"from": [ 6.6875, 9.4375, 2.25 ],
			"to": [ 7.3125, 9.8125, 9.25 ],
			"faces": {
				"down": { "uv": [ 2.125, 15, 9.875, 15.625 ], "texture": "#texture" },
				"up": { "uv": [ 0.625, 15, 8.375, 15.625 ], "texture": "#texture" },
				"north": { "uv": [ 4.5, 15.25, 5.125, 15.625 ], "texture": "#texture" },
				"south": { "uv": [ 6, 15.375, 6.625, 15.75 ], "texture": "#texture" },
				"west": { "uv": [ 1.5, 15.25, 8.5, 15.625 ], "texture": "#texture" },
				"east": { "uv": [ 1.5, 15, 8.5, 15.375 ], "texture": "#texture" }
			}
		},
		{
			"__comment": "barrel",
			"from": [ 7.1875, 9.2275, 2.25 ],
			"to": [ 7.375, 9.9375, 9.25 ],
			"rotation": { "origin": [ 7.1875, 9.9375, 2.25 ], "axis": "z", "angle": -45 },
			"faces": {
				"down": { "uv": [ 1.75, 15, 9.625, 15.25 ], "texture": "#texture", "rotation": 270 },
				"up": { "uv": [ 0.875, 15.5, 8.25, 15.75 ], "texture": "#texture", "rotation": 90 },
				"north": { "uv": [ 7.25, 15, 7.4375, 15.6875 ], "texture": "#texture" },
				"south": { "uv": [ 8.25, 14.75, 8.4375, 15.4375 ], "texture": "#texture" },
				"west": { "uv": [ 1.25, 14.875, 8.25, 15.5625 ], "texture": "#texture" },
				"east": { "uv": [ 1.625, 14.75, 8.625, 15.4375 ], "texture": "#texture" }
			}
		},
		{
			"__comment": "barrel",
			"from": [ 6.6875, 9.1025, 2.25 ],
			"to": [ 6.875, 9.8125, 9.25 ],
			"rotation": { "origin": [ 6.6875, 9.8125, 2.25 ], "axis": "z", "angle": 45 },
			"faces": {
				"down": { "uv": [ 1.75, 15.5, 9.5, 15.75 ], "texture": "#texture" },
				"up": { "uv": [ 0.375, 14.75, 8.625, 15 ], "texture": "#texture" },
				"north": { "uv": [ 7.125, 15, 7.3125, 15.6875 ], "texture": "#texture" },
				"south": { "uv": [ 6.5, 15.25, 6.6875, 15.9375 ], "texture": "#texture" },
				"west": { "uv": [ 2, 15, 9, 15.6875 ], "texture": "#texture" },
				"east": { "uv": [ 1.5, 15.125, 8.5, 15.8125 ], "texture": "#texture" }
			}
		},
		{
			"__comment": "metal",
			"from": [ 6.84, 10.03, 4.79 ],
			"to": [ 7.159999, 10.35, 8.79 ],
			"faces": {
				"down": { "uv": [ 4, 8.5, 8.625, 8.75 ], "texture": "#texture", "rotation": 270 },
				"up": { "uv": [ 4.375, 8.5, 9, 8.75 ], "texture": "#texture", "rotation": 90 },
				"north": { "uv": [ 5.625, 9.125, 5.9375, 9.4375 ], "texture": "#texture" },
				"south": { "uv": [ 5.875, 9.25, 6.1875, 9.5625 ], "texture": "#texture" },
				"west": { "uv": [ 3.875, 8.875, 7.8125, 9.1875 ], "texture": "#texture" },
				"east": { "uv": [ 3, 8.625, 6.9375, 8.9375 ], "texture": "#texture" }
			}
		},
		{
			"__comment": "metal",
			"from": [ 6.88, 9.99, 4.79 ],
			"to": [ 7.119999, 10.39, 8.79 ],
			"faces": {
				"down": { "uv": [ 3.875, 8.75, 8.5, 9 ], "texture": "#texture", "rotation": 270 },
				"up": { "uv": [ 4.625, 8.5, 9.25, 8.75 ], "texture": "#texture", "rotation": 90 },
				"north": { "uv": [ 5.75, 8.875, 6.0625, 9.1875 ], "texture": "#texture" },
				"south": { "uv": [ 5.75, 9, 6.0625, 9.3125 ], "texture": "#texture" },
				"west": { "uv": [ 4.125, 8.625, 8.0625, 8.9375 ], "texture": "#texture" },
				"east": { "uv": [ 3.125, 8.625, 7.0625, 8.9375 ], "texture": "#texture" }
			}
		},
		{
			"__comment": "metal",
			"from": [ 6.8, 10.07, 4.79 ],
			"to": [ 7.199999, 10.31, 8.79 ],
			"faces": {
				"down": { "uv": [ 3.75, 8.5, 8.375, 8.75 ], "texture": "#texture", "rotation": 270 },
				"up": { "uv": [ 4.375, 8.75, 9, 9 ], "texture": "#texture", "rotation": 90 },
				"north": { "uv": [ 5.875, 8.875, 6.1875, 9.1875 ], "texture": "#texture" },
				"south": { "uv": [ 6, 8.875, 6.3125, 9.1875 ], "texture": "#texture" },
				"west": { "uv": [ 4.75, 8.875, 8.6875, 9.1875 ], "texture": "#texture" },
				"east": { "uv": [ 3.5, 8.5, 7.4375, 8.8125 ], "texture": "#texture" }
			}
		},
		{
			"__comment": "metal",
			"from": [ 7.12, 9.935599, 4.79 ],
			"to": [ 7.24, 10.39, 8.79 ],
			"rotation": { "origin": [ 7.12, 10.39, 4.79 ], "axis": "z", "angle": -45 },
			"faces": {
				"down": { "uv": [ 4, 8.625, 8.625, 8.875 ], "texture": "#texture", "rotation": 270 },
				"up": { "uv": [ 5, 9, 9.625, 9.25 ], "texture": "#texture", "rotation": 90 },
				"north": { "uv": [ 5.875, 8.875, 6.1875, 9.1875 ], "texture": "#texture" },
				"south": { "uv": [ 6.125, 9, 6.4375, 9.3125 ], "texture": "#texture" },
				"west": { "uv": [ 4.625, 8.75, 8.5625, 9.0625 ], "texture": "#texture" },
				"east": { "uv": [ 3.875, 8.625, 7.8125, 8.9375 ], "texture": "#texture" }
			}
		},
		{
			"__comment": "metal",
			"from": [ 6.8, 9.855599, 4.79 ],
			"to": [ 6.92, 10.31, 8.79 ],
			"rotation": { "origin": [ 6.8, 10.31, 4.79 ], "axis": "z", "angle": 45 },
			"faces": {
				"down": { "uv": [ 3.5, 8.125, 8.125, 8.375 ], "texture": "#texture", "rotation": 270 },
				"up": { "uv": [ 4.625, 8.125, 9.25, 8.375 ], "texture": "#texture", "rotation": 90 },
				"north": { "uv": [ 5.75, 9, 6.0625, 9.3125 ], "texture": "#texture" },
				"south": { "uv": [ 6, 8.625, 6.3125, 8.9375 ], "texture": "#texture" },
				"west": { "uv": [ 4.5, 8.875, 8.4375, 9.1875 ], "texture": "#texture" },
				"east": { "uv": [ 3.875, 8.375, 7.8125, 8.6875 ], "texture": "#texture" }
			}
		},
		{
			"from": [ 6.8125, 9.875, 5.0625 ],
			"to": [ 7.1875, 10.125, 5.5 ],
			"faces": {
				"up": { "uv": [ 6.8125, 5.0625, 7.1875, 5.5 ], "texture": "#texture" },
				"north": { "uv": [ 6.8125, 5.875, 7.1875, 6.125 ], "texture": "#texture" },
				"south": { "uv": [ 6.8125, 5.875, 7.1875, 6.125 ], "texture": "#texture" },
				"west": { "uv": [ 5.0625, 5.875, 5.5, 6.125 ], "texture": "#texture" },
				"east": { "uv": [ 5.0625, 5.875, 5.5, 6.125 ], "texture": "#texture" }
			}
		},
		{
			"__comment": "x",
			"from": [ 6.25, 5.78, 9.99 ],
			"to": [ 7.75, 6.155, 10.24 ],
			"rotation": { "origin": [ 6.25, 6.155, 9.99 ], "axis": "x", "angle": -45 },
			"faces": {
				"down": { "uv": [ 5.75, 5.375, 6.75, 5.625 ], "texture": "#texture" },
				"up": { "uv": [ 4.75, 5.25, 5.75, 5.5 ], "texture": "#texture" },
				"north": { "uv": [ 5.5, 5.125, 6.5, 5.5 ], "texture": "#texture" },
				"south": { "uv": [ 5.375, 4.875, 6.375, 5.25 ], "texture": "#texture" },
				"west": { "uv": [ 8.625, 6.375, 8.875, 6.75 ], "texture": "#texture" },
				"east": { "uv": [ 6.625, 4.625, 6.875, 5 ], "texture": "#texture" }
			}
		},
		{
			"__comment": "stock",
			"from": [ 6.75, 9.425, 13.75 ],
			"to": [ 7.25, 9.925, 19.75 ],
			"faces": {
				"down": { "uv": [ 5.375, 1.375, 5.875, 7.375 ], "texture": "#texture", "cullface": "south" },
				"up": { "uv": [ 5, 1.125, 5.5, 7.125 ], "texture": "#texture", "cullface": "south" },
				"south": { "uv": [ 6.75, 6.0625, 7.25, 6.5625 ], "texture": "#texture", "cullface": "south" },
				"west": { "uv": [ 5.25, 4, 11.25, 4.5 ], "texture": "#texture", "cullface": "south" },
				"east": { "uv": [ 2.75, 3.75, 8.75, 4.25 ], "texture": "#texture", "cullface": "south" }
			}
		},
		{
			"__comment": "stock",
			"from": [ 6.8125, 9.3625, 13.75 ],
			"to": [ 7.1875, 9.9875, 19.75 ],
			"faces": {
				"down": { "uv": [ 5.875, 0.875, 6.25, 6.875 ], "texture": "#texture", "cullface": "south" },
				"up": { "uv": [ 5.375, 0.375, 5.75, 6.375 ], "texture": "#texture", "cullface": "south" },
				"south": { "uv": [ 6.8125, 6, 7.1875, 6.625 ], "texture": "#texture", "cullface": "south" },
				"west": { "uv": [ 2.5, 3.5, 8.5, 4.125 ], "texture": "#texture", "cullface": "south" },
				"east": { "uv": [ 1.25, 3.625, 7.25, 4.25 ], "texture": "#texture", "cullface": "south" }
			}
		},
		{
			"__comment": "stock",
			"from": [ 6.6875, 9.4875, 13.75 ],
			"to": [ 7.3125, 9.8625, 19.75 ],
			"faces": {
				"down": { "uv": [ 6.5, 1.5, 7.125, 7.5 ], "texture": "#texture", "cullface": "south" },
				"up": { "uv": [ 5.75, 1.25, 6.375, 7.25 ], "texture": "#texture", "cullface": "south" },
				"south": { "uv": [ 6.6875, 6.125, 7.3125, 6.5 ], "texture": "#texture", "cullface": "south" },
				"west": { "uv": [ 2.375, 4.625, 8.375, 5 ], "texture": "#texture", "cullface": "south" },
				"east": { "uv": [ 3.5, 4.5, 9.5, 4.875 ], "texture": "#texture", "cullface": "south" }
			}
		},
		{
			"__comment": "stock",
			"from": [ 7.1875, 9.2775, 13.75 ],
			"to": [ 7.375, 9.9875, 19.75 ],
			"rotation": { "origin": [ 7.1875, 9.9875, 13.75 ], "axis": "z", "angle": -45 },
			"faces": {
				"down": { "uv": [ 6.125, 0.625, 6.3125, 6.625 ], "texture": "#texture", "cullface": "south" },
				"up": { "uv": [ 6.625, 0.625, 6.8125, 6.625 ], "texture": "#texture", "cullface": "south" },
				"south": { "uv": [ 7.1875, 6, 7.375, 6.6875 ], "texture": "#texture", "cullface": "south" },
				"west": { "uv": [ 2, 3, 8, 3.6875 ], "texture": "#texture", "cullface": "south" },
				"east": { "uv": [ 3.25, 3, 9.25, 3.6875 ], "texture": "#texture", "cullface": "south" }
			}
		},
		{
			"__comment": "stock",
			"from": [ 6.6875, 9.1525, 13.75 ],
			"to": [ 6.875, 9.8625, 19.75 ],
			"rotation": { "origin": [ 6.6875, 9.8625, 13.75 ], "axis": "z", "angle": 45 },
			"faces": {
				"down": { "uv": [ 5.625, 0.75, 5.8125, 6.75 ], "texture": "#texture", "cullface": "south" },
				"up": { "uv": [ 6, 0.375, 6.1875, 6.375 ], "texture": "#texture", "cullface": "south" },
				"north": { "uv": [ 5.375, 3.375, 5.5625, 4.0625 ], "texture": "#texture", "cullface": "south" },
				"south": { "uv": [ 6.625, 3.375, 6.8125, 4.0625 ], "texture": "#texture", "cullface": "south" },
				"west": { "uv": [ 1.125, 3.25, 7.125, 3.9375 ], "texture": "#texture", "cullface": "south" },
				"east": { "uv": [ 2.75, 3.375, 8.75, 4.0625 ], "texture": "#texture", "cullface": "south" }
			}
		},
		{
			"__comment": "stock_end",
			"from": [ 6.7, 9.36, 19.7 ],
			"to": [ 7.3, 9.96, 20 ],
			"faces": {
				"down": { "uv": [ 5.25, 4.375, 5.8125, 4.625 ], "texture": "#texture", "cullface": "south" },
				"up": { "uv": [ 5.75, 4.5, 6.3125, 4.75 ], "texture": "#texture", "cullface": "south" },
				"north": { "uv": [ 6.6875, 6, 7.25, 6.5625 ], "texture": "#texture", "cullface": "south" },
				"south": { "uv": [ 6.6875, 6, 7.25, 6.5625 ], "texture": "#texture", "cullface": "south" },
				"west": { "uv": [ 7.75, 5, 8, 5.5625 ], "texture": "#texture", "cullface": "south" },
				"east": { "uv": [ 7, 4.75, 7.25, 5.3125 ], "texture": "#texture", "cullface": "south" }
			}
		},
		{
			"__comment": "stock_end",
			"from": [ 6.775, 9.285, 19.7 ],
			"to": [ 7.224999, 10.035, 20 ],
			"faces": {
				"down": { "uv": [ 5.875, 4.375, 6.3125, 4.625 ], "texture": "#texture", "cullface": "south" },
				"up": { "uv": [ 6.625, 3.5, 7.0625, 3.75 ], "texture": "#texture", "cullface": "south" },
				"north": { "uv": [ 6.375, 5.25, 6.8125, 6 ], "texture": "#texture", "cullface": "south" },
				"south": { "uv": [ 7.125, 5.5, 7.5625, 6.25 ], "texture": "#texture", "cullface": "south" },
				"west": { "uv": [ 8.375, 4.5, 8.625, 5.25 ], "texture": "#texture", "cullface": "south" },
				"east": { "uv": [ 5.875, 3.375, 6.125, 4.125 ], "texture": "#texture", "cullface": "south" }
			}
		},
		{
			"__comment": "stock_end",
			"from": [ 6.625, 7.385, 19.7 ],
			"to": [ 7.375, 9.885, 20 ],
			"faces": {
				"down": { "uv": [ 3.625, 4.25, 4.375, 4.5 ], "texture": "#texture", "cullface": "south" },
				"up": { "uv": [ 6.25, 4.375, 7, 4.625 ], "texture": "#texture", "cullface": "south" },
				"north": { "uv": [ 5.875, 2.5, 6.625, 5 ], "texture": "#texture", "cullface": "south" },
				"south": { "uv": [ 3.875, 2.125, 4.625, 4.625 ], "texture": "#texture", "cullface": "south" },
				"west": { "uv": [ 8.625, 3.25, 8.875, 5.75 ], "texture": "#texture", "cullface": "south" },
				"east": { "uv": [ 7.5, 2.375, 7.75, 4.875 ], "texture": "#texture", "cullface": "south" }
			}
		},
		{
			"__comment": "stock_end",
			"from": [ 7.225, 9.183, 19.7 ],
			"to": [ 7.45, 10.035, 20 ],
			"rotation": { "origin": [ 7.225, 10.035, 19.7 ], "axis": "z", "angle": -45 },
			"faces": {
				"down": { "uv": [ 6.375, 4.625, 6.5625, 4.875 ], "texture": "#texture", "cullface": "south" },
				"up": { "uv": [ 6.125, 4.375, 6.3125, 4.625 ], "texture": "#texture", "cullface": "south" },
				"north": { "uv": [ 7, 5.375, 7.1875, 6.1875 ], "texture": "#texture", "cullface": "south" },
				"south": { "uv": [ 7.125, 5.625, 7.3125, 6.4375 ], "texture": "#texture", "cullface": "south" },
				"west": { "uv": [ 8, 3.625, 8.25, 4.4375 ], "texture": "#texture", "cullface": "south" },
				"east": { "uv": [ 7.125, 3.75, 7.375, 4.5625 ], "texture": "#texture", "cullface": "south" }
			}
		},
		{
			"__comment": "stock_end",
			"from": [ 6.625, 9.033, 19.7 ],
			"to": [ 6.85, 9.885, 20 ],
			"rotation": { "origin": [ 6.625, 9.885, 19.7 ], "axis": "z", "angle": 45 },
			"faces": {
				"down": { "uv": [ 5.625, 4, 5.8125, 4.25 ], "texture": "#texture", "cullface": "south" },
				"up": { "uv": [ 5.375, 3.5, 5.5625, 3.75 ], "texture": "#texture", "cullface": "south" },
				"north": { "uv": [ 6.875, 4.125, 7.0625, 4.9375 ], "texture": "#texture", "cullface": "south" },
				"south": { "uv": [ 5.375, 4.375, 5.5625, 5.1875 ], "texture": "#texture", "cullface": "south" },
				"west": { "uv": [ 7.375, 3.125, 7.625, 3.9375 ], "texture": "#texture", "cullface": "south" },
				"east": { "uv": [ 9.25, 3.75, 9.5, 4.5625 ], "texture": "#texture", "cullface": "south" }
			}
		},
		{
			"__comment": "stock_end*",
			"from": [ 6.775, 7.235, 19.7 ],
			"to": [ 7.224999, 7.985, 20 ],
			"faces": {
				"down": { "uv": [ 6.125, 5, 6.5625, 5.25 ], "texture": "#texture", "cullface": "south" },
				"up": { "uv": [ 6, 4.375, 6.4375, 4.625 ], "texture": "#texture", "cullface": "south" },
				"north": { "uv": [ 6.375, 2.25, 6.8125, 3 ], "texture": "#texture", "cullface": "south" },
				"south": { "uv": [ 5.25, 3.875, 5.6875, 4.625 ], "texture": "#texture", "cullface": "south" },
				"west": { "uv": [ 8.25, 3.625, 8.5, 4.375 ], "texture": "#texture", "cullface": "south" },
				"east": { "uv": [ 4.75, 3.75, 5, 4.5 ], "texture": "#texture", "cullface": "south" }
			}
		},
		{
			"__comment": "stock_end*",
			"from": [ 7.225, 7.133, 19.7 ],
			"to": [ 7.45, 7.985, 20 ],
			"rotation": { "origin": [ 7.225, 7.985, 19.7 ], "axis": "z", "angle": -45 },
			"faces": {
				"down": { "uv": [ 6.5, 5.25, 6.6875, 5.5 ], "texture": "#texture", "cullface": "south" },
				"up": { "uv": [ 6.375, 3.875, 6.5625, 4.125 ], "texture": "#texture", "cullface": "south" },
				"north": { "uv": [ 6.625, 4.25, 6.8125, 5.0625 ], "texture": "#texture", "cullface": "south" },
				"south": { "uv": [ 6.375, 3.125, 6.5625, 3.9375 ], "texture": "#texture", "cullface": "south" },
				"west": { "uv": [ 7.75, 3.5, 8, 4.3125 ], "texture": "#texture", "cullface": "south" },
				"east": { "uv": [ 7, 3, 7.25, 3.8125 ], "texture": "#texture", "cullface": "south" }
			}
		},
		{
			"__comment": "stock_end*",
			"from": [ 6.625, 6.983, 19.7 ],
			"to": [ 6.85, 7.835, 20 ],
			"rotation": { "origin": [ 6.625, 7.835, 19.7 ], "axis": "z", "angle": 45 },
			"faces": {
				"down": { "uv": [ 5.25, 5.375, 5.4375, 5.625 ], "texture": "#texture", "cullface": "south" },
				"up": { "uv": [ 6.125, 4, 6.3125, 4.25 ], "texture": "#texture", "cullface": "south" },
				"north": { "uv": [ 6.25, 4, 6.4375, 4.8125 ], "texture": "#texture", "cullface": "south" },
				"south": { "uv": [ 6.25, 3.875, 6.4375, 4.6875 ], "texture": "#texture", "cullface": "south" },
				"west": { "uv": [ 7.75, 3.25, 8, 4.0625 ], "texture": "#texture", "cullface": "south" },
				"east": { "uv": [ 6.5, 3.5, 6.75, 4.3125 ], "texture": "#texture", "cullface": "south" }
			}
		},
		{
			"from": [ 6.675, 7.946, 7.466 ],
			"to": [ 7.425, 8.496, 7.616 ],
			"rotation": { "origin": [ 6.675, 8.496, 7.466 ], "axis": "x", "angle": 22.5 },
			"faces": {
				"down": { "uv": [ 6.625, 8, 7, 8.125 ], "texture": "#texture" },
				"up": { "uv": [ 6.75, 8.125, 7.125, 8.25 ], "texture": "#texture" },
				"north": { "uv": [ 6.75, 8, 7.125, 8.5 ], "texture": "#texture" },
				"south": { "uv": [ 6.75, 7.75, 7.125, 8.25 ], "texture": "#texture" },
				"west": { "uv": [ 7.375, 7.875, 7.5, 8.375 ], "texture": "#texture" },
				"east": { "uv": [ 7.375, 7.875, 7.5, 8.375 ], "texture": "#texture" }
			}
		},
		{
			"from": [ 6.675, 8.22, 7.25 ],
			"to": [ 7.425, 8.52, 7.45 ],
			"rotation": { "origin": [ 6.675, 8.52, 7.25 ], "axis": "x", "angle": -22.5 },
			"faces": {
				"down": { "uv": [ 6.5, 8.375, 6.875, 8.5625 ], "texture": "#texture" },
				"up": { "uv": [ 6.625, 8.125, 7, 8.3125 ], "texture": "#texture" },
				"north": { "uv": [ 6.75, 8, 7.125, 8.25 ], "texture": "#texture" },
				"south": { "uv": [ 6.625, 8.25, 7, 8.5 ], "texture": "#texture" },
				"west": { "uv": [ 7.125, 8.125, 7.3125, 8.375 ], "texture": "#texture" },
				"east": { "uv": [ 6.625, 8.75, 6.8125, 9 ], "texture": "#texture" }
			}
		},
		{
			"__comment": "yy",
			"from": [ 6.35, 6.75, 4.25 ],
			"to": [ 7.6, 9.25, 5 ],
			"faces": {
				"down": { "uv": [ 8.125, 2.5, 8.875, 3.25 ], "texture": "#texture" },
				"up": { "uv": [ 7.25, 3.75, 8, 4.5 ], "texture": "#texture" },
				"north": { "uv": [ 7.75, 3, 8.5, 5.625 ], "texture": "#texture" },
				"west": { "uv": [ 7.375, 3.125, 8.125, 5.75 ], "texture": "#texture" },
				"east": { "uv": [ 7.625, 1.875, 8.375, 4.5 ], "texture": "#texture" }
			}
		},
		{
			"__comment": "yy",
			"from": [ 6.35, 6.25, 4.25 ],
			"to": [ 7.6, 6.75, 5.25 ],
			"faces": {
				"down": { "uv": [ 8.125, 2.5, 8.875, 3.5 ], "texture": "#texture" },
				"up": { "uv": [ 7.25, 3.25, 8, 4.25 ], "texture": "#texture" },
				"north": { "uv": [ 7.5, 3.5, 8.25, 4 ], "texture": "#texture" },
				"south": { "uv": [ 7.875, 4.125, 8.625, 4.625 ], "texture": "#texture" },
				"west": { "uv": [ 6, 4.625, 7, 5.125 ], "texture": "#texture" },
				"east": { "uv": [ 6.5, 4.375, 7.5, 4.875 ], "texture": "#texture" }
			}
		},
		{
			"__comment": "yy",
			"from": [ 6.25, 5.8125, 3.8125 ],
			"to": [ 7.5, 6.4375, 4.3125 ],
			"rotation": { "origin": [ 6.25, 6.4375, 3.8125 ], "axis": "x", "angle": -45 },
			"faces": {
				"down": { "uv": [ 6.5, 3.8125, 7.5, 4.3125 ], "texture": "#texture" },
				"up": { "uv": [ 6.5, 3.8125, 7.5, 4.3125 ], "texture": "#texture" },
				"north": { "uv": [ 5.75, 6.125, 6.75, 6.75 ], "texture": "#texture" },
				"south": { "uv": [ 4.875, 4.5, 5.875, 5.125 ], "texture": "#texture" },
				"west": { "uv": [ 3.75, 3.25, 4.25, 3.875 ], "texture": "#texture" },
				"east": { "uv": [ 5.125, 3.875, 5.625, 4.5 ], "texture": "#texture" }
			}
		},
		{
			"__comment": "x",
			"from": [ 6.25, 6.3125, 4.25 ],
			"to": [ 7.75, 6.6875, 5 ],
			"rotation": { "origin": [ 6.25, 6.6875, 4.25 ], "axis": "x", "angle": 22.5 },
			"faces": {
				"down": { "uv": [ 6.5, 4.25, 7.5, 5 ], "texture": "#texture" },
				"up": { "uv": [ 6.5, 4.25, 7.5, 5 ], "texture": "#texture" },
				"north": { "uv": [ 6.375, 3.875, 7.375, 4.25 ], "texture": "#texture" },
				"south": { "uv": [ 5.25, 5.5, 6.25, 5.875 ], "texture": "#texture" },
				"west": { "uv": [ 4.5, 3.125, 5.25, 3.5 ], "texture": "#texture" },
				"east": { "uv": [ 4.125, 4.875, 4.875, 5.25 ], "texture": "#texture" }
			}
		},
		{
			"from": [ 6.4875, 2.625, 8.375 ],
			"to": [ 7.4875, 4.875, 9.625 ],
			"faces": {
				"down": { "uv": [ 6.6875, 8.375, 7.3125, 9.625 ], "texture": "#texture" },
				"up": { "uv": [ 6.6875, 8.375, 7.3125, 9.625 ], "texture": "#texture" },
				"north": { "uv": [ 3.125, 8.125, 5.25, 8.75 ], "texture": "#texture", "rotation": 90 },
				"south": { "uv": [ 4.5, 8.375, 6.875, 9 ], "texture": "#texture", "rotation": 270 },
				"west": { "uv": [ 3.875, 8.125, 6.25, 9.375 ], "texture": "#texture", "rotation": 90 },
				"east": { "uv": [ 3.75, 8, 6, 9.25 ], "texture": "#texture", "rotation": 270 }
			}
		},
		{
			"from": [ 6.4875, 2.375, 9 ],
			"to": [ 7.4875, 2.625, 9.625 ],
			"faces": {
				"down": { "uv": [ 6.6875, 9, 7.3125, 9.625 ], "texture": "#texture" },
				"north": { "uv": [ 6.25, 8.375, 6.875, 8.625 ], "texture": "#texture" },
				"south": { "uv": [ 6, 8.375, 6.625, 8.625 ], "texture": "#texture" },
				"west": { "uv": [ 7, 8.875, 7.625, 9.125 ], "texture": "#texture" },
				"east": { "uv": [ 8.25, 8.25, 8.875, 8.5 ], "texture": "#texture" }
			}
		},
		{
			"from": [ 6.375, 2.625, 8.3125 ],
			"to": [ 7.625, 2.9375, 9.75 ],
			"rotation": { "origin": [ 6.375, 2.9375, 8.3125 ], "axis": "x", "angle": 22.5 },
			"faces": {
				"down": { "uv": [ 6.5, 7.875, 7.25, 9.3125 ], "texture": "#texture" },
				"up": { "uv": [ 6.625, 7.875, 7.375, 9.3125 ], "texture": "#texture" },
				"north": { "uv": [ 6.125, 8.125, 6.875, 8.4375 ], "texture": "#texture" },
				"south": { "uv": [ 5.75, 8.5, 6.5, 8.8125 ], "texture": "#texture" },
				"west": { "uv": [ 5.625, 8.25, 7.0625, 8.5625 ], "texture": "#texture" },
				"east": { "uv": [ 5.625, 8.375, 7.0625, 8.6875 ], "texture": "#texture" }
			}
		},
		{
			"from": [ 7.3125, 9.554999, 6.4375 ],
			"to": [ 7.375, 10.3675, 7.625 ],
			"faces": {
				"down": { "uv": [ 6, 2.625, 6.125, 3.875 ], "texture": "#texture" },
				"up": { "uv": [ 5.5, 4, 5.5, 5.25 ], "texture": "#texture" },
				"north": { "uv": [ 7.3125, 5.625, 7.375, 6.4375 ], "texture": "#texture" },
				"south": { "uv": [ 7.3125, 5.625, 7.375, 6.4375 ], "texture": "#texture" },
				"west": { "uv": [ 6.4375, 5.625, 7.625, 6.4375 ], "texture": "#texture" },
				"east": { "uv": [ 6.4375, 5.625, 7.625, 6.4375 ], "texture": "#texture" }
			}
		},
		{
			"from": [ 6.625, 9.8975, 7.62 ],
			"to": [ 7.375, 10.5225, 7.995 ],
			"rotation": { "origin": [ 6.625, 10.5225, 7.62 ], "axis": "x", "angle": 45 },
			"faces": {
				"down": { "uv": [ 9.375, 6.5, 9.3125, 6.125 ], "texture": "#texture" },
				"up": { "uv": [ 6.625, 6.125, 6.6875, 6.5 ], "texture": "#texture" },
				"north": { "uv": [ 9.3125, 3.875, 9.375, 4.5 ], "texture": "#texture" },
				"south": { "uv": [ 6.625, 3.875, 6.6875, 4.5 ], "texture": "#texture" },
				"west": { "uv": [ 6.125, 3.875, 6.5, 4.5 ], "texture": "#texture" },
				"east": { "uv": [ 9.5, 3.875, 9.875, 4.5 ], "texture": "#texture" }
			}
		},
		{
			"__comment": "rail",
			"from": [ 6.625, 10.6, 8.25 ],
			"to": [ 7.375, 10.725, 8.75 ],
			"faces": {
				"down": { "uv": [ 6.625, 8.25, 7.375, 8.375 ], "texture": "#texture" },
				"up": { "uv": [ 6.625, 8.25, 7.375, 8.375 ], "texture": "#texture" },
				"north": { "uv": [ 6.25, 8.625, 7, 8.75 ], "texture": "#texture" },
				"south": { "uv": [ 6.5, 8.75, 7.25, 8.875 ], "texture": "#texture" },
				"west": { "uv": [ 8.25, 8.875, 8.375, 9 ], "texture": "#texture" },
				"east": { "uv": [ 8, 8.75, 8.125, 8.875 ], "texture": "#texture" }
			}
		},
		{
			"from": [ 6.625, 10.25, 7.75 ],
			"to": [ 6.75, 10.875, 8.75 ],
			"rotation": { "origin": [ 6.625, 10.875, 7.75 ], "axis": "x", "angle": 22.5 },
			"faces": {
				"down": { "uv": [ 5.625, 3.625, 5.75, 4.625 ], "texture": "#texture" },
				"up": { "uv": [ 6.25, 4.375, 6.375, 5.375 ], "texture": "#texture" },
				"north": { "uv": [ 6.625, 5.125, 6.75, 5.75 ], "texture": "#texture" },
				"south": { "uv": [ 6.625, 5.125, 6.75, 5.75 ], "texture": "#texture" },
				"west": { "uv": [ 7.75, 5.125, 8.75, 5.75 ], "texture": "#texture" },
				"east": { "uv": [ 7.75, 5.125, 8.75, 5.75 ], "texture": "#texture" }
			}
		},
		{
			"from": [ 7.25, 10.25, 7.75 ],
			"to": [ 7.375, 10.875, 8.75 ],
			"rotation": { "origin": [ 7.25, 10.875, 7.75 ], "axis": "x", "angle": 22.5 },
			"faces": {
				"down": { "uv": [ 5.75, 4.5, 5.875, 5.5 ], "texture": "#texture" },
				"up": { "uv": [ 6, 4, 6.125, 5 ], "texture": "#texture" },
				"north": { "uv": [ 7.25, 5.125, 7.375, 5.75 ], "texture": "#texture" },
				"south": { "uv": [ 7.25, 5.125, 7.375, 5.75 ], "texture": "#texture" },
				"west": { "uv": [ 7.75, 5.125, 8.75, 5.75 ], "texture": "#texture" },
				"east": { "uv": [ 7.75, 5.125, 8.75, 5.75 ], "texture": "#texture" }
			}
		},
		{
			"__comment": "barrel*",
			"from": [ 6.75, 9.375, 0.6 ],
			"to": [ 7.25, 9.875, 1.95 ],
			"faces": {
				"down": { "uv": [ 4.5, 14.625, 5, 15.9375 ], "texture": "#texture" },
				"up": { "uv": [ 8.125, 14.625, 8.625, 15.9375 ], "texture": "#texture" },
				"north": { "uv": [ 5.75, 15.375, 6.25, 15.875 ], "texture": "#texture" },
				"south": { "uv": [ 3.5, 15.25, 4, 15.75 ], "texture": "#texture" },
				"west": { "uv": [ 2.5, 15.125, 3.8125, 15.625 ], "texture": "#texture" },
				"east": { "uv": [ 3, 15, 4.3125, 15.5 ], "texture": "#texture" }
			}
		},
		{
			"__comment": "barrel*",
			"from": [ 6.8125, 9.3125, 0.6 ],
			"to": [ 7.1875, 9.9375, 1.95 ],
			"faces": {
				"down": { "uv": [ 3.75, 14.625, 4.125, 15.9375 ], "texture": "#texture" },
				"up": { "uv": [ 7.75, 14.625, 8.125, 15.9375 ], "texture": "#texture" },
				"north": { "uv": [ 2.625, 15.25, 3, 15.875 ], "texture": "#texture" },
				"south": { "uv": [ 8.25, 15, 8.625, 15.625 ], "texture": "#texture" },
				"west": { "uv": [ 1.25, 14.875, 2.5625, 15.5 ], "texture": "#texture" },
				"east": { "uv": [ 5.375, 14.75, 6.6875, 15.375 ], "texture": "#texture" }
			}
		},
		{
			"__comment": "barrel*",
			"from": [ 6.6875, 9.4375, 0.6 ],
			"to": [ 7.3125, 9.8125, 1.95 ],
			"faces": {
				"down": { "uv": [ 7.75, 14.625, 8.375, 15.9375 ], "texture": "#texture" },
				"up": { "uv": [ 6.625, 14.625, 7.25, 15.9375 ], "texture": "#texture" },
				"north": { "uv": [ 7.125, 15, 7.75, 15.375 ], "texture": "#texture" },
				"south": { "uv": [ 6.375, 15.375, 7, 15.75 ], "texture": "#texture" },
				"west": { "uv": [ 2, 15.375, 3.3125, 15.75 ], "texture": "#texture" },
				"east": { "uv": [ 2.375, 15.125, 3.6875, 15.5 ], "texture": "#texture" }
			}
		},
		{
			"__comment": "barrel*",
			"from": [ 7.1875, 9.2275, 0.6 ],
			"to": [ 7.375, 9.9375, 1.95 ],
			"rotation": { "origin": [ 7.1875, 9.9375, 0.6 ], "axis": "z", "angle": -45 },
			"faces": {
				"down": { "uv": [ 7.625, 14.625, 7.8125, 15.9375 ], "texture": "#texture" },
				"up": { "uv": [ 7.5, 14.625, 7.6875, 15.9375 ], "texture": "#texture" },
				"north": { "uv": [ 6.125, 15, 6.3125, 15.6875 ], "texture": "#texture" },
				"south": { "uv": [ 6.875, 14.875, 7.0625, 15.5625 ], "texture": "#texture" },
				"west": { "uv": [ 3.375, 14.75, 4.6875, 15.4375 ], "texture": "#texture" },
				"east": { "uv": [ 1.25, 15, 2.5625, 15.6875 ], "texture": "#texture" }
			}
		},
		{
			"__comment": "barrel*",
			"from": [ 6.6875, 9.1025, 0.6 ],
			"to": [ 6.875, 9.8125, 1.95 ],
			"rotation": { "origin": [ 6.6875, 9.8125, 0.6 ], "axis": "z", "angle": 45 },
			"faces": {
				"down": { "uv": [ 3.375, 14.625, 3.5625, 15.9375 ], "texture": "#texture" },
				"up": { "uv": [ 7.5, 14.625, 7.6875, 15.9375 ], "texture": "#texture" },
				"north": { "uv": [ 6.625, 15, 6.8125, 15.6875 ], "texture": "#texture" },
				"south": { "uv": [ 6.375, 14.875, 6.5625, 15.5625 ], "texture": "#texture" },
				"west": { "uv": [ 3.25, 15, 4.5625, 15.6875 ], "texture": "#texture" },
				"east": { "uv": [ 3.75, 14.75, 5.0625, 15.4375 ], "texture": "#texture" }
			}
		},
		{
			"__comment": "barrel_bigger",
			"from": [ 6.7, 9.325, 1.92 ],
			"to": [ 7.3, 9.925, 2.27 ],
			"faces": {
				"down": { "uv": [ 7.375, 15.25, 7.9375, 15.5625 ], "texture": "#texture" },
				"up": { "uv": [ 6.875, 15, 7.4375, 15.3125 ], "texture": "#texture" },
				"north": { "uv": [ 7.375, 14.875, 7.9375, 15.4375 ], "texture": "#texture" },
				"south": { "uv": [ 7, 14.875, 7.5625, 15.4375 ], "texture": "#texture" },
				"west": { "uv": [ 2.625, 14.875, 2.9375, 15.4375 ], "texture": "#texture" },
				"east": { "uv": [ 4, 15, 4.3125, 15.5625 ], "texture": "#texture" }
			}
		},
		{
			"__comment": "barrel_bigger",
			"from": [ 6.775, 9.25, 1.92 ],
			"to": [ 7.224999, 10, 2.27 ],
			"faces": {
				"down": { "uv": [ 7.75, 15.125, 8.1875, 15.4375 ], "texture": "#texture" },
				"up": { "uv": [ 7, 15.125, 7.4375, 15.4375 ], "texture": "#texture" },
				"north": { "uv": [ 6.625, 15.125, 7.0625, 15.875 ], "texture": "#texture" },
				"south": { "uv": [ 6.875, 15.125, 7.3125, 15.875 ], "texture": "#texture" },
				"west": { "uv": [ 2.5, 14.75, 2.8125, 15.5 ], "texture": "#texture" },
				"east": { "uv": [ 3.375, 14.875, 3.6875, 15.625 ], "texture": "#texture" }
			}
		},
		{
			"__comment": "barrel_bigger",
			"from": [ 6.625, 9.4, 1.92 ],
			"to": [ 7.375, 9.85, 2.27 ],
			"faces": {
				"down": { "uv": [ 7.375, 14.875, 8.125, 15.1875 ], "texture": "#texture" },
				"up": { "uv": [ 7.125, 15.25, 7.875, 15.5625 ], "texture": "#texture" },
				"north": { "uv": [ 7.5, 15.25, 8.25, 15.6875 ], "texture": "#texture" },
				"south": { "uv": [ 6, 14.625, 6.75, 15.0625 ], "texture": "#texture" },
				"west": { "uv": [ 2.625, 15.125, 2.9375, 15.5625 ], "texture": "#texture" },
				"east": { "uv": [ 3.875, 15, 4.1875, 15.4375 ], "texture": "#texture" }
			}
		},
		{
			"__comment": "barrel_bigger",
			"from": [ 7.225, 9.148, 1.92 ],
			"to": [ 7.45, 10, 2.27 ],
			"rotation": { "origin": [ 7.225, 10, 1.92 ], "axis": "z", "angle": -45 },
			"faces": {
				"down": { "uv": [ 7.375, 15, 7.5625, 15.3125 ], "texture": "#texture" },
				"up": { "uv": [ 7.625, 15.25, 7.8125, 15.5625 ], "texture": "#texture" },
				"north": { "uv": [ 8.25, 15, 8.4375, 15.8125 ], "texture": "#texture" },
				"south": { "uv": [ 7.25, 14.875, 7.4375, 15.6875 ], "texture": "#texture" },
				"west": { "uv": [ 2.875, 15.125, 3.1875, 15.9375 ], "texture": "#texture" },
				"east": { "uv": [ 2.75, 14.875, 3.0625, 15.6875 ], "texture": "#texture" }
			}
		},
		{
			"__comment": "barrel_bigger",
			"from": [ 6.625, 8.998, 1.92 ],
			"to": [ 6.85, 9.85, 2.27 ],
			"rotation": { "origin": [ 6.625, 9.85, 1.92 ], "axis": "z", "angle": 45 },
			"faces": {
				"down": { "uv": [ 7.25, 15.125, 7.4375, 15.4375 ], "texture": "#texture" },
				"up": { "uv": [ 8.375, 15.25, 8.5625, 15.5625 ], "texture": "#texture" },
				"north": { "uv": [ 7.375, 14.75, 7.5625, 15.5625 ], "texture": "#texture" },
				"south": { "uv": [ 8, 14.75, 8.1875, 15.5625 ], "texture": "#texture" },
				"west": { "uv": [ 2.5, 15, 2.8125, 15.8125 ], "texture": "#texture" },
				"east": { "uv": [ 3.375, 14.625, 3.6875, 15.4375 ], "texture": "#texture" }
			}
		},
		{
			"__comment": "barrel_bigger*",
			"from": [ 6.775, 9.75, 1.925 ],
			"to": [ 6.9, 10.5, 2.2375 ],
			"faces": {
				"down": { "uv": [ 6.75, 1.875, 6.875, 2.125 ], "texture": "#texture" },
				"up": { "uv": [ 6.75, 1.875, 6.875, 2.125 ], "texture": "#texture" },
				"north": { "uv": [ 6.75, 5.5, 6.875, 6.25 ], "texture": "#texture" },
				"south": { "uv": [ 6.75, 5.5, 6.875, 6.25 ], "texture": "#texture" },
				"west": { "uv": [ 1.875, 5.5, 2.125, 6.25 ], "texture": "#texture" },
				"east": { "uv": [ 1.875, 5.5, 2.125, 6.25 ], "texture": "#texture" }
			}
		},
		{
			"__comment": "barrel_bigger*",
			"from": [ 7.1, 9.75, 1.925 ],
			"to": [ 7.225, 10.5, 2.2375 ],
			"faces": {
				"down": { "uv": [ 7.0625, 1.875, 7.1875, 2.125 ], "texture": "#texture" },
				"up": { "uv": [ 7.0625, 1.875, 7.1875, 2.125 ], "texture": "#texture" },
				"north": { "uv": [ 7.0625, 5.5, 7.1875, 6.25 ], "texture": "#texture" },
				"south": { "uv": [ 7.0625, 5.5, 7.1875, 6.25 ], "texture": "#texture" },
				"west": { "uv": [ 1.875, 5.5, 2.125, 6.25 ], "texture": "#texture" },
				"east": { "uv": [ 1.875, 5.5, 2.125, 6.25 ], "texture": "#texture" }
			}
		},
		{
			"__comment": "barrel_bigger*",
			"from": [ 6.875, 9.75, 2 ],
			"to": [ 7.125, 10.5, 2.0625 ],
			"faces": {
				"down": { "uv": [ 6.875, 2, 7.125, 2.0625 ], "texture": "#texture" },
				"up": { "uv": [ 6.875, 2, 7.125, 2.0625 ], "texture": "#texture" },
				"north": { "uv": [ 6.875, 5.5, 7.125, 6.25 ], "texture": "#texture" },
				"south": { "uv": [ 6.875, 5.5, 7.125, 6.25 ], "texture": "#texture" },
				"west": { "uv": [ 2, 5.5, 2.0625, 6.25 ], "texture": "#texture" }
			}
		},
		{
			"__comment": "barrel_bigger*",
			"from": [ 6.66, 10.4125, 1.875 ],
			"to": [ 6.785, 10.725, 2.25 ],
			"rotation": { "origin": [ 6.66, 10.725, 1.875 ], "axis": "z", "angle": 22.5 },
			"faces": {
				"down": { "uv": [ 6.625, 1.875, 6.75, 2.25 ], "texture": "#texture" },
				"up": { "uv": [ 6.625, 1.875, 6.75, 2.25 ], "texture": "#texture" },
				"north": { "uv": [ 6.625, 5.25, 6.75, 5.5625 ], "texture": "#texture" },
				"south": { "uv": [ 6.625, 5.25, 6.75, 5.5625 ], "texture": "#texture" },
				"west": { "uv": [ 1.875, 5.25, 2.25, 5.5625 ], "texture": "#texture" },
				"east": { "uv": [ 1.875, 5.25, 2.25, 5.5625 ], "texture": "#texture" }
			}
		},
		{
			"__comment": "barrel_bigger*",
			"from": [ 7.225, 10.4625, 1.875 ],
			"to": [ 7.35, 10.775, 2.25 ],
			"rotation": { "origin": [ 7.225, 10.775, 1.875 ], "axis": "z", "angle": -22.5 },
			"faces": {
				"down": { "uv": [ 7.1875, 1.875, 7.3125, 2.25 ], "texture": "#texture" },
				"up": { "uv": [ 7.1875, 1.875, 7.3125, 2.25 ], "texture": "#texture" },
				"north": { "uv": [ 7.1875, 5.1875, 7.3125, 5.5 ], "texture": "#texture" },
				"south": { "uv": [ 7.1875, 5.1875, 7.3125, 5.5 ], "texture": "#texture" },
				"west": { "uv": [ 1.875, 5.1875, 2.25, 5.5 ], "texture": "#texture" },
				"east": { "uv": [ 1.875, 5.1875, 2.25, 5.5 ], "texture": "#texture" }
			}
		},
		{
			"__comment": "barrel_bigger*",
			"from": [ 6.9725, 10.4375, 2 ],
			"to": [ 7.035, 10.75, 2.125 ],
			"faces": {
				"down": { "uv": [ 6.9375, 2, 7, 2.125 ], "texture": "#texture" },
				"up": { "uv": [ 6.9375, 2, 7, 2.125 ], "texture": "#texture" },
				"north": { "uv": [ 6.9375, 5.25, 7, 5.5625 ], "texture": "#texture" },
				"south": { "uv": [ 6.9375, 5.25, 7, 5.5625 ], "texture": "#texture" },
				"west": { "uv": [ 2, 5.25, 2.125, 5.5625 ], "texture": "#texture" },
				"east": { "uv": [ 2, 5.25, 2.125, 5.5625 ], "texture": "#texture" }
			}
		},
		{
			"__comment": "yy",
			"from": [ 6.375, 5.8125, 3.625 ],
			"to": [ 7.625, 9, 3.875 ],
			"faces": {
				"down": { "uv": [ 7.125, 3.375, 7.875, 3.625 ], "texture": "#texture" },
				"up": { "uv": [ 7.75, 3.25, 8.5, 3.5 ], "texture": "#texture" },
				"north": { "uv": [ 7, 1.25, 7.75, 4.5 ], "texture": "#texture" },
				"south": { "uv": [ 6.125, 1.75, 6.875, 5 ], "texture": "#texture" },
				"west": { "uv": [ 6.5, 2, 6.75, 5.25 ], "texture": "#texture" },
				"east": { "uv": [ 8.25, 2, 8.5, 5.25 ], "texture": "#texture" }
			}
		},
		{
			"__comment": "yy",
			"from": [ 6.375, 6.75, 5.5625 ],
			"to": [ 7.625, 9.1875, 5.8125 ],
			"faces": {
				"down": { "uv": [ 6.5, 5.125, 7.25, 5.375 ], "texture": "#texture" },
				"north": { "uv": [ 8.625, 3.5, 9.375, 5.9375 ], "texture": "#texture" },
				"south": { "uv": [ 6.5, 2.875, 7.25, 5.3125 ], "texture": "#texture" },
				"west": { "uv": [ 6.125, 3.75, 6.375, 6.1875 ], "texture": "#texture" },
				"east": { "uv": [ 6.625, 2.375, 6.875, 4.8125 ], "texture": "#texture" }
			}
		},
		{
			"__comment": "rail*",
			"from": [ 6.625, 10.5625, 9 ],
			"to": [ 7.375, 10.6875, 9.5 ],
			"faces": {
				"down": { "uv": [ 6.625, 8.25, 7.375, 8.375 ], "texture": "#texture" },
				"up": { "uv": [ 6.625, 8.25, 7.375, 8.375 ], "texture": "#texture" },
				"north": { "uv": [ 6.25, 8.625, 7, 8.75 ], "texture": "#texture" },
				"south": { "uv": [ 6.5, 8.75, 7.25, 8.875 ], "texture": "#texture" },
				"west": { "uv": [ 8.25, 8.875, 8.375, 9 ], "texture": "#texture" },
				"east": { "uv": [ 8, 8.75, 8.125, 8.875 ], "texture": "#texture" }
			}
		},
		{
			"__comment": "rail*",
			"from": [ 6.625, 10.5625, 9.75 ],
			"to": [ 7.375, 10.6875, 10.25 ],
			"faces": {
				"down": { "uv": [ 6.625, 8.25, 7.375, 8.375 ], "texture": "#texture" },
				"up": { "uv": [ 6.625, 8.25, 7.375, 8.375 ], "texture": "#texture" },
				"north": { "uv": [ 6.25, 8.625, 7, 8.75 ], "texture": "#texture" },
				"south": { "uv": [ 6.5, 8.75, 7.25, 8.875 ], "texture": "#texture" },
				"west": { "uv": [ 8.25, 8.875, 8.375, 9 ], "texture": "#texture" },
				"east": { "uv": [ 8, 8.75, 8.125, 8.875 ], "texture": "#texture" }
			}
		},
		{
			"__comment": "rail*",
			"from": [ 6.625, 10.5625, 10.5 ],
			"to": [ 7.375, 10.6875, 11 ],
			"faces": {
				"down": { "uv": [ 6.625, 8.25, 7.375, 8.375 ], "texture": "#texture" },
				"up": { "uv": [ 6.625, 8.25, 7.375, 8.375 ], "texture": "#texture" },
				"north": { "uv": [ 6.25, 8.625, 7, 8.75 ], "texture": "#texture" },
				"south": { "uv": [ 6.5, 8.75, 7.25, 8.875 ], "texture": "#texture" },
				"west": { "uv": [ 8.25, 8.875, 8.375, 9 ], "texture": "#texture" },
				"east": { "uv": [ 8, 8.75, 8.125, 8.875 ], "texture": "#texture" }
			}
		},
		{
			"__comment": "rail*",
			"from": [ 6.625, 10.5625, 12 ],
			"to": [ 7.375, 10.6875, 12.5 ],
			"faces": {
				"down": { "uv": [ 6.625, 8.25, 7.375, 8.375 ], "texture": "#texture" },
				"up": { "uv": [ 6.625, 8.25, 7.375, 8.375 ], "texture": "#texture" },
				"north": { "uv": [ 6.25, 8.625, 7, 8.75 ], "texture": "#texture" },
				"south": { "uv": [ 6.5, 8.75, 7.25, 8.875 ], "texture": "#texture" },
				"west": { "uv": [ 8.25, 8.875, 8.375, 9 ], "texture": "#texture" },
				"east": { "uv": [ 8, 8.75, 8.125, 8.875 ], "texture": "#texture" }
			}
		},
		{
			"__comment": "rail*",
			"from": [ 6.625, 10.5625, 11.25 ],
			"to": [ 7.375, 10.6875, 11.75 ],
			"faces": {
				"down": { "uv": [ 6.625, 8.25, 7.375, 8.375 ], "texture": "#texture" },
				"up": { "uv": [ 6.625, 8.25, 7.375, 8.375 ], "texture": "#texture" },
				"north": { "uv": [ 6.25, 8.625, 7, 8.75 ], "texture": "#texture" },
				"south": { "uv": [ 6.5, 8.75, 7.25, 8.875 ], "texture": "#texture" },
				"west": { "uv": [ 8.25, 8.875, 8.375, 9 ], "texture": "#texture" },
				"east": { "uv": [ 8, 8.75, 8.125, 8.875 ], "texture": "#texture" }
			}
		}
	],
	"display": {
		"thirdperson_righthand": {
			"translation":  [ 0.57, -1.12, 0 ],
			"scale":  [ 1, 0.85, 1 ]
		},
		"thirdperson_lefthand": {
			"translation":  [ -1.57, -1.12, 0 ],
			"scale":  [ 1, 0.85, 1 ]
		},
		"firstperson_righthand": {
			"translation":  [ 3.4, 0.19, -3.21 ],
			"scale": [ 1.1, 1.1, 1.1 ]
		},
		"firstperson_lefthand": {
			"translation":  [ 3.4, 0.19, -3.21 ],
			"scale": [ 1.1, 1.1, 1.1 ]
		},
		"gui": {
			"rotation":  [ 52, 48, -37 ],
			"translation":  [ -1.89, 0.76, 0 ]
		},
		"ground": {
			"rotation":  [ 0, 0, 90 ],
			"translation":  [ 0, 0, -1.12 ],
			"scale":  [ 0.7, 0.7, 0.7 ]
		},
		"fixed": {
			"rotation":  [ 0, -90, 0 ],
			"translation":  [ 2.27, 0, 0 ]
		}
	}
}