{
"__comment": "Designed by Nopename with BDcraft Cubik PRO 0.96 Beta - http://bdcraft.net",
"textures": {
    "sniper": "item/sniper"
},
"elements": [ 
{
    "from": [ 7.5, 3, 6.5 ],
    "to": [ 9.5, 11, 9.5 ],
    "faces": {
        "down":  { "uv": [ 6, 10, 4, 8 ], "texture": "#sniper" },
        "up":    { "uv": [ 4, 8, 6, 10 ], "texture": "#sniper" },
        "north": { "uv": [ 4, 8, 6, 10 ], "texture": "#sniper" },
        "south": { "uv": [ 4, 8, 6, 10 ], "texture": "#sniper" },
        "west":  { "uv": [ 4, 8, 6, 10 ], "texture": "#sniper" },
        "east":  { "uv": [ 4, 8, 6, 10 ], "texture": "#sniper" }
    }
},
{
    "from": [ 7, 3, 7 ],
    "to": [ 10, 11, 9 ],
    "faces": {
        "down":  { "uv": [ 5, 9.5, 4, 8 ], "texture": "#sniper" },
        "up":    { "uv": [ 4.5, 8, 6, 9.5 ], "texture": "#sniper" },
        "north": { "uv": [ 4, 8, 5.5, 9.5 ], "texture": "#sniper" },
        "south": { "uv": [ 4.5, 8, 6, 10 ], "texture": "#sniper" },
        "west":  { "uv": [ 4, 8, 5.5, 9.5 ], "texture": "#sniper" },
        "east":  { "uv": [ 4, 8, 5.5, 9.5 ], "texture": "#sniper" }
    }
},
{
    "from": [ 7, 3, 9 ],
    "to": [ 7.7, 11, 9.7 ],
    "rotation": { "origin": [ 7, 3, 9 ], "axis": "y", "angle": 45 },
    "faces": {
        "down":  { "uv": [ 4.5, 8, 6, 10 ], "texture": "#sniper" },
        "up":    { "uv": [ 4.5, 8.5, 5.5, 9.5 ], "texture": "#sniper" },
        "south": { "uv": [ 4.5, 8.5, 5.5, 10 ], "texture": "#sniper" },
        "west":  { "uv": [ 4.5, 8, 5.5, 9.5 ], "texture": "#sniper" },
        "east":  { "uv": [ 4, 8.5, 5, 9.5 ], "texture": "#sniper" }
    }
},
{
    "from": [ 9, 3, 9 ],
    "to": [ 9.7, 11, 9.7 ],
    "rotation": { "origin": [ 9, 3, 9 ], "axis": "y", "angle": 45 },
    "faces": {
        "down":  { "uv": [ 5, 8.5, 6, 10 ], "texture": "#sniper" },
        "up":    { "uv": [ 4.5, 8, 5.5, 9.5 ], "texture": "#sniper" },
        "south": { "uv": [ 4.5, 8, 6, 9.5 ], "texture": "#sniper" },
        "west":  { "uv": [ 4.5, 8.5, 6, 10 ], "texture": "#sniper" },
        "east":  { "uv": [ 4.5, 8, 6, 10 ], "texture": "#sniper" }
    }
},
{
    "from": [ 9, 3, 7 ],
    "to": [ 9.7, 11, 7.7 ],
    "rotation": { "origin": [ 9, 3, 7 ], "axis": "y", "angle": 45 },
    "faces": {
        "down":  { "uv": [ 4, 8, 5.5, 10 ], "texture": "#sniper" },
        "up":    { "uv": [ 4.5, 8, 5, 9 ], "texture": "#sniper" },
        "north": { "uv": [ 4, 8.5, 5, 9.5 ], "texture": "#sniper" },
        "south": { "uv": [ 4.5, 8.5, 6, 10 ], "texture": "#sniper" },
        "west":  { "uv": [ 5, 8.5, 6, 10 ], "texture": "#sniper" },
        "east":  { "uv": [ 4.5, 8.5, 5.5, 10 ], "texture": "#sniper" }
    }
},
{
    "from": [ 7, 3, 7 ],
    "to": [ 7.7, 11, 7.7 ],
    "rotation": { "origin": [ 7, 3, 7 ], "axis": "y", "angle": 45 },
    "faces": {
        "down":  { "uv": [ 4.5, 8, 5.5, 9 ], "texture": "#sniper" },
        "up":    { "uv": [ 4, 8.5, 5.5, 9.5 ], "texture": "#sniper" },
        "north": { "uv": [ 4.5, 8.5, 5.5, 10 ], "texture": "#sniper" },
        "south": { "uv": [ 4.5, 8.5, 6, 9.5 ], "texture": "#sniper" },
        "west":  { "uv": [ 4, 8, 5, 9.5 ], "texture": "#sniper" },
        "east":  { "uv": [ 4.5, 8.5, 5.5, 10 ], "texture": "#sniper" }
    }
},
{
    "__comment": "base",
    "from": [ 7.15, 2, 6.2 ],
    "to": [ 9.85, 3.8, 9.8 ],
    "faces": {
        "down":  { "uv": [ 1.5, 10, 0.5, 8 ], "texture": "#sniper" },
        "up":    { "uv": [ 0, 8.5, 1.5, 9.5 ], "texture": "#sniper" },
        "north": { "uv": [ 0.5, 9, 1.5, 10 ], "texture": "#sniper" },
        "south": { "uv": [ 0.5, 8.5, 1.5, 9.5 ], "texture": "#sniper" },
        "west":  { "uv": [ 1, 8.5, 2, 10 ], "texture": "#sniper" },
        "east":  { "uv": [ 0, 8.5, 1.5, 10 ], "texture": "#sniper" }
    }
},
{
    "__comment": "base",
    "from": [ 6.7, 2, 6.65 ],
    "to": [ 10.3, 3.8, 9.35 ],
    "faces": {
        "down":  { "uv": [ 2, 10, 0.5, 8 ], "texture": "#sniper" },
        "up":    { "uv": [ 0, 8, 2, 9.5 ], "texture": "#sniper" },
        "north": { "uv": [ 0.5, 8.5, 2, 9.5 ], "texture": "#sniper" },
        "south": { "uv": [ 0.5, 9, 2, 10 ], "texture": "#sniper" },
        "west":  { "uv": [ 0.5, 8.5, 1, 9.5 ], "texture": "#sniper" },
        "east":  { "uv": [ 0.5, 9, 1.5, 10 ], "texture": "#sniper" }
    }
},
{
    "__comment": "base",
    "from": [ 6.7, 2, 9.35 ],
    "to": [ 7.33, 3.8, 9.98 ],
    "rotation": { "origin": [ 6.7, 2, 9.35 ], "axis": "y", "angle": 45 },
    "faces": {
        "down":  { "uv": [ 1, 9.5, 0.3125, 8.8125 ], "texture": "#sniper" },
        "up":    { "uv": [ 0.5, 9, 1.1875, 9.6875 ], "texture": "#sniper" },
        "north": { "uv": [ 0.5, 8.5, 1.1875, 9.5 ], "texture": "#sniper" },
        "south": { "uv": [ 0, 8.5, 0.6875, 9.5 ], "texture": "#sniper" },
        "west":  { "uv": [ 0.5, 8.5, 1.1875, 9.5 ], "texture": "#sniper" },
        "east":  { "uv": [ 0.5, 8.5, 1.1875, 9.5 ], "texture": "#sniper" }
    }
},
{
    "__comment": "base",
    "from": [ 9.4, 2, 9.35 ],
    "to": [ 10.03, 3.8, 9.98 ],
    "rotation": { "origin": [ 9.4, 2, 9.35 ], "axis": "y", "angle": 45 },
    "faces": {
        "down":  { "uv": [ 1, 9.5, 0.3125, 8.8125 ], "texture": "#sniper" },
        "up":    { "uv": [ 0.5, 9, 1.1875, 9.6875 ], "texture": "#sniper" },
        "north": { "uv": [ 0.5, 8.5, 1.1875, 9.5 ], "texture": "#sniper" },
        "south": { "uv": [ 1, 8.5, 1.6875, 9.5 ], "texture": "#sniper" },
        "west":  { "uv": [ 1, 8.5, 1.6875, 9.5 ], "texture": "#sniper" },
        "east":  { "uv": [ 0, 9, 0.6875, 10 ], "texture": "#sniper" }
    }
},
{
    "__comment": "base",
    "from": [ 9.4, 2, 6.65 ],
    "to": [ 10.03, 3.8, 7.28 ],
    "rotation": { "origin": [ 9.4, 2, 6.65 ], "axis": "y", "angle": 45 },
    "faces": {
        "down":  { "uv": [ 1, 9, 0.3125, 8.3125 ], "texture": "#sniper" },
        "up":    { "uv": [ 1, 9, 1.6875, 9.6875 ], "texture": "#sniper" },
        "north": { "uv": [ 0.5, 8.5, 1.1875, 9.5 ], "texture": "#sniper" },
        "south": { "uv": [ 0.5, 8.5, 1.1875, 9.5 ], "texture": "#sniper" },
        "west":  { "uv": [ 0.5, 8.5, 1.1875, 9.5 ], "texture": "#sniper" },
        "east":  { "uv": [ 1, 8.5, 1.6875, 9.5 ], "texture": "#sniper" }
    }
},
{
    "__comment": "base",
    "from": [ 6.7, 2, 6.65 ],
    "to": [ 7.33, 3.8, 7.28 ],
    "rotation": { "origin": [ 6.7, 2, 6.65 ], "axis": "y", "angle": 45 },
    "faces": {
        "down":  { "uv": [ 1.5, 9.5, 0.8125, 8.8125 ], "texture": "#sniper" },
        "up":    { "uv": [ 1, 9, 1.6875, 9.6875 ], "texture": "#sniper" },
        "north": { "uv": [ 1, 8.5, 1.6875, 9.5 ], "texture": "#sniper" },
        "south": { "uv": [ 0.5, 8, 1.1875, 9 ], "texture": "#sniper" },
        "west":  { "uv": [ 1, 8.5, 1.6875, 9.5 ], "texture": "#sniper" },
        "east":  { "uv": [ 1, 8.5, 1.6875, 9.5 ], "texture": "#sniper" }
    }
},
{
    "__comment": "base*",
    "from": [ 7.15, 10.2, 6.2 ],
    "to": [ 9.85, 12, 9.8 ],
    "faces": {
        "down":  { "uv": [ 0, 8, 1.5, 9.5 ], "texture": "#sniper" },
        "up":    { "uv": [ 0.5, 8, 1.5, 10 ], "texture": "#sniper" },
        "north": { "uv": [ 0, 8.5, 2, 9.5 ], "texture": "#sniper" },
        "south": { "uv": [ 0, 8.5, 1.5, 9.5 ], "texture": "#sniper" },
        "west":  { "uv": [ 0, 9.5, 1.5, 10 ], "texture": "#sniper" },
        "east":  { "uv": [ 0, 9, 1.5, 9.5 ], "texture": "#sniper" }
    }
},
{
    "__comment": "base*",
    "from": [ 6.7, 10.2, 6.65 ],
    "to": [ 10.3, 12, 9.35 ],
    "faces": {
        "down":  { "uv": [ 0, 8, 1.5, 9.5 ], "texture": "#sniper" },
        "up":    { "uv": [ 0, 8, 2, 9.5 ], "texture": "#sniper" },
        "north": { "uv": [ 0, 8.5, 2, 9 ], "texture": "#sniper" },
        "south": { "uv": [ 0.5, 8.5, 2, 10 ], "texture": "#sniper" },
        "west":  { "uv": [ 0.5, 8.5, 2, 9.5 ], "texture": "#sniper" },
        "east":  { "uv": [ 0, 8.5, 1.5, 9.5 ], "texture": "#sniper" }
    }
},
{
    "__comment": "base*",
    "from": [ 6.7, 10.2, 9.35 ],
    "to": [ 7.33, 12, 9.98 ],
    "rotation": { "origin": [ 6.7, 10.2, 9.35 ], "axis": "y", "angle": 45 },
    "faces": {
        "down":  { "uv": [ 1.5, 9, 0.8125, 8.3125 ], "texture": "#sniper" },
        "up":    { "uv": [ 1, 8.5, 1.6875, 9.1875 ], "texture": "#sniper" },
        "north": { "uv": [ 0.5, 8.5, 1.1875, 9.5 ], "texture": "#sniper" },
        "south": { "uv": [ 0.5, 8.5, 1.1875, 9.5 ], "texture": "#sniper" },
        "west":  { "uv": [ 0, 8.5, 0.6875, 9.5 ], "texture": "#sniper" },
        "east":  { "uv": [ 0.5, 8, 1.1875, 9 ], "texture": "#sniper" }
    }
},
{
    "__comment": "base*",
    "from": [ 9.4, 10.2, 9.35 ],
    "to": [ 10.03, 12, 9.98 ],
    "rotation": { "origin": [ 9.4, 10.2, 9.35 ], "axis": "y", "angle": 45 },
    "faces": {
        "down":  { "uv": [ 1, 9.5, 0.3125, 8.8125 ], "texture": "#sniper" },
        "up":    { "uv": [ 0, 8, 0.6875, 8.6875 ], "texture": "#sniper" },
        "north": { "uv": [ 1.5, 8, 2.1875, 9 ], "texture": "#sniper" },
        "south": { "uv": [ 0.5, 8.5, 1.1875, 9.5 ], "texture": "#sniper" },
        "west":  { "uv": [ 0.5, 9, 1.1875, 10 ], "texture": "#sniper" },
        "east":  { "uv": [ 0, 9, 0.6875, 10 ], "texture": "#sniper" }
    }
},
{
    "__comment": "base*",
    "from": [ 9.4, 10.2, 6.65 ],
    "to": [ 10.03, 12, 7.28 ],
    "rotation": { "origin": [ 9.4, 10.2, 6.65 ], "axis": "y", "angle": 45 },
    "faces": {
        "down":  { "uv": [ 1, 10, 0.3125, 9.3125 ], "texture": "#sniper" },
        "up":    { "uv": [ 0.5, 9, 1.1875, 9.6875 ], "texture": "#sniper" },
        "north": { "uv": [ 0, 8, 0.6875, 9 ], "texture": "#sniper" },
        "south": { "uv": [ 0, 8, 0.6875, 9 ], "texture": "#sniper" },
        "west":  { "uv": [ 1, 8.5, 1.6875, 9.5 ], "texture": "#sniper" },
        "east":  { "uv": [ 0.5, 8, 1.1875, 9 ], "texture": "#sniper" }
    }
},
{
    "__comment": "base*",
    "from": [ 6.7, 10.2, 6.65 ],
    "to": [ 7.33, 12, 7.28 ],
    "rotation": { "origin": [ 6.7, 10.2, 6.65 ], "axis": "y", "angle": 45 },
    "faces": {
        "down":  { "uv": [ 1, 9.5, 0.3125, 8.8125 ], "texture": "#sniper" },
        "up":    { "uv": [ 0, 9, 0.6875, 9.6875 ], "texture": "#sniper" },
        "north": { "uv": [ 0.5, 8.5, 1.1875, 9.5 ], "texture": "#sniper" },
        "south": { "uv": [ 0.5, 8, 1.1875, 9 ], "texture": "#sniper" },
        "west":  { "uv": [ 0.5, 8.5, 1.1875, 9.5 ], "texture": "#sniper" },
        "east":  { "uv": [ 1, 8.5, 1.6875, 9.5 ], "texture": "#sniper" }
    }
},
{
    "from": [ 8, 12, 7.25 ],
    "to": [ 10.5, 13.5, 8.75 ],
    "faces": {
        "down":  { "uv": [ 3.5, 12, 3, 11 ], "texture": "#sniper" },
        "up":    { "uv": [ 2.5, 11.5, 3.5, 13 ], "texture": "#sniper" },
        "north": { "uv": [ 2.5, 11, 3, 12.5 ], "texture": "#sniper" },
        "south": { "uv": [ 2.5, 11.5, 3.5, 12 ], "texture": "#sniper" },
        "west":  { "uv": [ 2.5, 11, 3, 12.5 ], "texture": "#sniper" },
        "east":  { "uv": [ 2.5, 11.5, 3, 13 ], "texture": "#sniper" }
    }
},
{
    "from": [ 9.5625, 11.5625, 7.25 ],
    "to": [ 10.5625, 13.0625, 8.75 ],
    "rotation": { "origin": [ 9.5625, 13.0625, 7.25 ], "axis": "z", "angle": 22.5 },
    "faces": {
        "down":  { "uv": [ 3.5, 12.5, 3, 11 ], "texture": "#sniper" },
        "up":    { "uv": [ 3, 11, 4, 12.5 ], "texture": "#sniper" },
        "north": { "uv": [ 2.5, 11.5, 3.5, 13 ], "texture": "#sniper" },
        "south": { "uv": [ 2.5, 11, 3.5, 12.5 ], "texture": "#sniper" },
        "west":  { "uv": [ 3, 11, 3.5, 12.5 ], "texture": "#sniper" },
        "east":  { "uv": [ 3, 11, 4, 12.5 ], "texture": "#sniper" }
    }
},
{
    "from": [ 10.8125, 5.625, 7.5 ],
    "to": [ 11.0625, 12.125, 8.5 ],
    "faces": {
        "down":  { "uv": [ 2, 14.5, 3, 16 ], "texture": "#sniper" },
        "up":    { "uv": [ 2, 14.5, 3.5, 16 ], "texture": "#sniper" },
        "north": { "uv": [ 2, 14.5, 3, 16 ], "texture": "#sniper" },
        "south": { "uv": [ 2, 14.5, 4, 16 ], "texture": "#sniper" },
        "west":  { "uv": [ 2.5, 14, 4, 16 ], "texture": "#sniper" },
        "east":  { "uv": [ 2, 15, 3, 16 ], "texture": "#sniper" }
    }
},
{
    "from": [ 10.875, 5.3125, 7.5 ],
    "to": [ 11.125, 5.8125, 8.5 ],
    "rotation": { "origin": [ 10.875, 5.8125, 7.5 ], "axis": "z", "angle": -45 },
    "faces": {
        "down":  { "uv": [ 3.5, 16, 3.25, 15 ], "texture": "#sniper" },
        "up":    { "uv": [ 3, 14.5, 3.25, 15.5 ], "texture": "#sniper" },
        "north": { "uv": [ 2.5, 14.5, 2.75, 15.5 ], "texture": "#sniper" },
        "south": { "uv": [ 3, 14.5, 3.25, 15.5 ], "texture": "#sniper" },
        "west":  { "uv": [ 2.5, 14.5, 3.5, 15.5 ], "texture": "#sniper" },
        "east":  { "uv": [ 2.5, 14.5, 3.5, 15.5 ], "texture": "#sniper" }
    }
},
{
    "from": [ 8.3125, 12, 7 ],
    "to": [ 9.3125, 12.5, 7.5 ],
    "faces": {
        "up":    { "uv": [ 6.5, 9, 7.5, 9.5 ], "texture": "#sniper" },
        "north": { "uv": [ 6.5, 8.5, 7.5, 9 ], "texture": "#sniper" },
        "south": { "uv": [ 6.5, 9, 7.5, 9.5 ], "texture": "#sniper" },
        "west":  { "uv": [ 7, 9.5, 7.5, 10 ], "texture": "#sniper" },
        "east":  { "uv": [ 6.5, 8.5, 7, 9 ], "texture": "#sniper" }
    }
},
{
    "from": [ 8.3125, 12, 8.5 ],
    "to": [ 9.3125, 12.5, 9 ],
    "faces": {
        "up":    { "uv": [ 6.3125, 8.5, 7.3125, 9 ], "texture": "#sniper" },
        "north": { "uv": [ 6, 8.5, 7, 9 ], "texture": "#sniper" },
        "south": { "uv": [ 6.5, 9, 7.5, 9.5 ], "texture": "#sniper" },
        "west":  { "uv": [ 7, 9.5, 7.5, 10 ], "texture": "#sniper" },
        "east":  { "uv": [ 7, 9, 7.5, 9.5 ], "texture": "#sniper" }
    }
},
{
    "from": [ 7.4375, 11.6875, 7.25 ],
    "to": [ 8.4375, 13.1875, 8.75 ],
    "faces": {
        "down":  { "uv": [ 3.5, 13, 3, 11.5 ], "texture": "#sniper" },
        "up":    { "uv": [ 3, 11.5, 3.5, 13 ], "texture": "#sniper" },
        "north": { "uv": [ 2.5, 11.5, 3, 13 ], "texture": "#sniper" },
        "south": { "uv": [ 3, 11.5, 3.5, 13 ], "texture": "#sniper" },
        "west":  { "uv": [ 2.5, 11.5, 3, 13 ], "texture": "#sniper" },
        "east":  { "uv": [ 2.5, 11, 3, 12.5 ], "texture": "#sniper" }
    }
}
],
"display": {
    "thirdperson_righthand": {
        "rotation": [ 0, -33, 0 ],
        "translation": [ -0.57, 0, 0.57 ],
        "scale": [ 0.5, 0.5, 0.5 ]
    },
    "thirdperson_lefthand": {
        "rotation": [ 0, 147, 0 ],
        "translation": [ -0.57, 0, 0.57 ],
        "scale": [ 0.5, 0.5, 0.5 ]
    },
    "ground": {
        "rotation": [ 64, 0, 90 ],
        "translation": [ 0, 1.51, 0 ],
        "scale": [ 0.5, 0.5, 0.5 ]
    },
    "firstperson_righthand": {
        "rotation": [ 0, -57, 0 ],
        "translation": [ 2.65, 0, 0 ],
        "scale": [ 0.5, 0.5, 0.5 ]
    },
    "firstperson_lefthand": {
        "rotation": [ 0, 123, 0 ],
        "translation": [ 2.65, 0, 0 ],
        "scale": [ 0.5, 0.5, 0.5 ]
    },
    "gui": {
        "rotation": [ 30, 21, 0 ],
        "translation": [ -0.57, 0.38, 0 ],
        "scale": [ 1.2, 1.2, 1.2 ]
    }
}
}