{
	"credit": "Made with Blockbench",
	"textures": {
		"0": "guns/ak47_wood",
		"4": "guns/ak47_gunmetal",
		"5": "guns/ak47_steel",
		"6": "guns/ak47_mag_lines",
		"particle": "guns/ak47_gunmetal"
	},
	"elements": [
		{
			"from": [6.75, 0, 7],
			"to": [9.25, 2.25, 16],
			"faces": {
				"north": {"uv": [0, 0, 2.5, 2.75], "texture": "#4"},
				"east": {"uv": [0, 0, 3.75, 2.75], "texture": "#4"},
				"south": {"uv": [0, 0, 2.5, 2.75], "texture": "#4"},
				"west": {"uv": [0, 0, 3.75, 2.75], "texture": "#4"},
				"up": {"uv": [0, 0, 2.5, 3.75], "texture": "#4"},
				"down": {"uv": [0, 0, 2.5, 3.75], "texture": "#4"}
			}
		},
		{
			"from": [6.75, 2.25, 15.625],
			"to": [9.25, 2.375, 15.75],
			"faces": {
				"north": {"uv": [0, 0, 2.5, 0.125], "texture": "#4"},
				"east": {"uv": [0, 0, 0.125, 0.125], "texture": "#4"},
				"south": {"uv": [0, 0, 2.5, 0.125], "texture": "#4"},
				"west": {"uv": [0, 0, 0.125, 0.125], "texture": "#4"},
				"up": {"uv": [0, 0, 2.5, 0.125], "texture": "#4"},
				"down": {"uv": [0, 0, 2.5, 0.125], "texture": "#4"}
			}
		},
		{
			"from": [6.75, 2.25, 15.5],
			"to": [9.25, 2.5, 15.625],
			"faces": {
				"north": {"uv": [0, 0, 2.5, 0.25], "texture": "#4"},
				"east": {"uv": [0, 0, 0.125, 0.25], "texture": "#4"},
				"south": {"uv": [0, 0, 2.5, 0.25], "texture": "#4"},
				"west": {"uv": [0, 0, 0.125, 0.25], "texture": "#4"},
				"up": {"uv": [0, 0, 2.5, 0.125], "texture": "#4"},
				"down": {"uv": [0, 0, 2.5, 0.125], "texture": "#4"}
			}
		},
		{
			"from": [6.75, 2.25, 15.375],
			"to": [9.25, 2.625, 15.5],
			"faces": {
				"north": {"uv": [0, 0, 2.5, 0.375], "texture": "#4"},
				"east": {"uv": [0, 0, 0.125, 0.375], "texture": "#4"},
				"south": {"uv": [0, 0, 2.5, 0.375], "texture": "#4"},
				"west": {"uv": [0, 0, 0.125, 0.375], "texture": "#4"},
				"up": {"uv": [0, 0, 2.5, 0.125], "texture": "#4"},
				"down": {"uv": [0, 0, 2.5, 0.125], "texture": "#4"}
			}
		},
		{
			"from": [6.75, 2.25, 8],
			"to": [9.25, 2.75, 15.375],
			"faces": {
				"north": {"uv": [0, 0, 2.5, 0.5], "texture": "#4"},
				"east": {"uv": [0, 0, 3.125, 0.5], "texture": "#4"},
				"south": {"uv": [0, 0, 2.5, 0.5], "texture": "#4"},
				"west": {"uv": [0, 0, 3.125, 0.5], "texture": "#4"},
				"up": {"uv": [0, 0, 2.5, 3.125], "texture": "#4"},
				"down": {"uv": [0, 0, 2.5, 3.125], "texture": "#4"}
			}
		},
		{
			"from": [6.875, 2.75, 15.125],
			"to": [9.125, 2.875, 15.25],
			"faces": {
				"north": {"uv": [0, 0, 2.25, 0.125], "texture": "#4"},
				"east": {"uv": [0, 0, 0.125, 0.125], "texture": "#4"},
				"south": {"uv": [0, 0, 2.25, 0.125], "texture": "#4"},
				"west": {"uv": [0, 0, 0.125, 0.125], "texture": "#4"},
				"up": {"uv": [0, 0, 2.25, 0.125], "texture": "#4"},
				"down": {"uv": [0, 0, 2.25, 0.125], "texture": "#4"}
			}
		},
		{
			"from": [7, 2.75, 15],
			"to": [9, 3, 15.125],
			"faces": {
				"north": {"uv": [0, 0, 2, 0.25], "texture": "#4"},
				"east": {"uv": [0, 0, 0.125, 0.25], "texture": "#4"},
				"south": {"uv": [0, 0, 2, 0.25], "texture": "#4"},
				"west": {"uv": [0, 0, 0.125, 0.25], "texture": "#4"},
				"up": {"uv": [0, 0, 2, 0.125], "texture": "#4"},
				"down": {"uv": [0, 0, 2, 0.125], "texture": "#4"}
			}
		},
		{
			"from": [7.125, 2.75, 14.875],
			"to": [8.875, 3.125, 15],
			"faces": {
				"north": {"uv": [0, 0, 1.75, 0.375], "texture": "#4"},
				"east": {"uv": [0, 0, 0.125, 0.375], "texture": "#4"},
				"south": {"uv": [0, 0, 1.75, 0.375], "texture": "#4"},
				"west": {"uv": [0, 0, 0.125, 0.375], "texture": "#4"},
				"up": {"uv": [0, 0, 1.75, 0.125], "texture": "#4"},
				"down": {"uv": [0, 0, 1.75, 0.125], "texture": "#4"}
			}
		},
		{
			"from": [7.25, 2.75, 14.75],
			"to": [8.75, 3.25, 14.875],
			"faces": {
				"north": {"uv": [0, 0, 1.5, 0.5], "texture": "#4"},
				"east": {"uv": [0, 0, 0.125, 0.5], "texture": "#4"},
				"south": {"uv": [0, 0, 1.5, 0.5], "texture": "#4"},
				"west": {"uv": [0, 0, 0.125, 0.5], "texture": "#4"},
				"up": {"uv": [0, 0, 1.5, 0.125], "texture": "#4"},
				"down": {"uv": [0, 0, 1.5, 0.125], "texture": "#4"}
			}
		},
		{
			"from": [7.25, 2.75, 14.625],
			"to": [8.75, 3.375, 14.75],
			"faces": {
				"north": {"uv": [0, 0, 1.5, 0.625], "texture": "#4"},
				"east": {"uv": [0, 0, 0.125, 0.625], "texture": "#4"},
				"south": {"uv": [0, 0, 1.5, 0.625], "texture": "#4"},
				"west": {"uv": [0, 0, 0.125, 0.625], "texture": "#4"},
				"up": {"uv": [0, 0, 1.5, 0.125], "texture": "#4"},
				"down": {"uv": [0, 0, 1.5, 0.125], "texture": "#4"}
			}
		},
		{
			"from": [7.25, 2.75, 14.5],
			"to": [8.75, 3.5, 14.625],
			"faces": {
				"north": {"uv": [0, 0, 1.5, 0.75], "texture": "#4"},
				"east": {"uv": [0, 0, 0.125, 0.75], "texture": "#4"},
				"south": {"uv": [0, 0, 1.5, 0.75], "texture": "#4"},
				"west": {"uv": [0, 0, 0.125, 0.75], "texture": "#4"},
				"up": {"uv": [0, 0, 1.5, 0.125], "texture": "#4"},
				"down": {"uv": [0, 0, 1.5, 0.125], "texture": "#4"}
			}
		},
		{
			"from": [7.25, 2.75, 14.375],
			"to": [8.75, 3.625, 14.5],
			"faces": {
				"north": {"uv": [0, 0, 1.5, 0.875], "texture": "#4"},
				"east": {"uv": [0, 0, 0.125, 0.875], "texture": "#4"},
				"south": {"uv": [0, 0, 1.5, 0.875], "texture": "#4"},
				"west": {"uv": [0, 0, 0.125, 0.875], "texture": "#4"},
				"up": {"uv": [0, 0, 1.5, 0.125], "texture": "#4"},
				"down": {"uv": [0, 0, 1.5, 0.125], "texture": "#4"}
			}
		},
		{
			"from": [7.25, 2.75, 4.625],
			"to": [8.75, 3.75, 14.375],
			"faces": {
				"north": {"uv": [0, 0, 1.5, 1], "texture": "#4"},
				"east": {"uv": [0, 0, 2.125, 1], "texture": "#4"},
				"south": {"uv": [0, 0, 1.5, 1], "texture": "#4"},
				"west": {"uv": [0, 0, 2.125, 1], "texture": "#4"},
				"up": {"uv": [0, 0, 1.5, 2.125], "texture": "#4"},
				"down": {"uv": [0, 0, 1.5, 2.125], "texture": "#4"}
			}
		},
		{
			"from": [7.25, -1.625, 12.25],
			"to": [8.75, -0.25, 14.3125],
			"faces": {
				"north": {"uv": [0, 0, 2.5, 0.75], "texture": "#0"},
				"east": {"uv": [0, 0, 2.5, 0.75], "texture": "#0"},
				"south": {"uv": [0, 0, 2.5, 0.75], "texture": "#0"},
				"west": {"uv": [0, 0, 2.5, 0.75], "texture": "#0"},
				"up": {"uv": [0, 0, 2.5, 2.5], "texture": "#0"},
				"down": {"uv": [0, 0, 2.5, 2.5], "texture": "#0"}
			}
		},
		{
			"from": [6.9879, 2.39536, 4.625],
			"to": [7.69692, 2.90898, 14.875],
			"rotation": {"angle": 45, "axis": "z", "origin": [7.06181, 2.54001, 14.98302]},
			"faces": {
				"north": {"uv": [0, 0, 0.70902, 0.51362], "texture": "#4"},
				"east": {"uv": [0, 0, 9.375, 0.51362], "texture": "#4"},
				"south": {"uv": [0, 0, 0.70902, 0.51362], "texture": "#4"},
				"west": {"uv": [0, 0, 9.375, 0.51362], "texture": "#4"},
				"up": {"uv": [0, 0, 0.70902, 9.375], "texture": "#4"},
				"down": {"uv": [0, 0, 0.70902, 9.375], "texture": "#4"}
			}
		},
		{
			"from": [6.98265, 2.18592, 14.875],
			"to": [7.16042, 2.69954, 15.25],
			"rotation": {"angle": 45, "axis": "z", "origin": [6.80591, 2.44273, 15.31502]},
			"faces": {
				"north": {"uv": [0, 0, 0.17777, 0.51362], "texture": "#4"},
				"east": {"uv": [0, 0, 0.375, 0.51362], "texture": "#4"},
				"south": {"uv": [0, 0, 0.17777, 0.51362], "texture": "#4"},
				"west": {"uv": [0, 0, 0.375, 0.51362], "texture": "#4"},
				"up": {"uv": [0, 0, 0.17777, 0.375], "texture": "#4"},
				"down": {"uv": [0, 0, 0.17777, 0.375], "texture": "#4"}
			}
		},
		{
			"from": [7.47084, 2.46136, 14.875],
			"to": [7.64861, 2.97498, 15.125],
			"rotation": {"angle": 45, "axis": "z", "origin": [7.2941, 2.20455, 15.03377]},
			"faces": {
				"north": {"uv": [0, 0, 0.17777, 0.51362], "texture": "#4"},
				"east": {"uv": [0, 0, 0.25, 0.51362], "texture": "#4"},
				"south": {"uv": [0, 0, 0.17777, 0.51362], "texture": "#4"},
				"west": {"uv": [0, 0, 0.25, 0.51362], "texture": "#4"},
				"up": {"uv": [0, 0, 0.17777, 0.25], "texture": "#4"},
				"down": {"uv": [0, 0, 0.17777, 0.25], "texture": "#4"}
			}
		},
		{
			"from": [7.15485, 2.62375, 14.875],
			"to": [7.33262, 3.13737, 15],
			"rotation": {"angle": 45, "axis": "z", "origin": [7.24374, 2.88056, 14.875]},
			"faces": {
				"north": {"uv": [0, 0, 0.17777, 0.51362], "texture": "#4"},
				"east": {"uv": [0, 0, 0.125, 0.51362], "texture": "#4"},
				"south": {"uv": [0, 0, 0.17777, 0.51362], "texture": "#4"},
				"west": {"uv": [0, 0, 0.125, 0.51362], "texture": "#4"},
				"up": {"uv": [0, 0, 0.17777, 0.125], "texture": "#4"},
				"down": {"uv": [0, 0, 0.17777, 0.125], "texture": "#4"}
			}
		},
		{
			"from": [7.75, -1.63379, 12.06958],
			"to": [8.25, -1.25879, 12.19458],
			"rotation": {"angle": 45, "axis": "x", "origin": [8, -1.57129, 12.06958]},
			"faces": {
				"north": {"uv": [0, 0, 0.5, 0.375], "texture": "#4"},
				"east": {"uv": [0, 0, 0.125, 0.375], "texture": "#4"},
				"south": {"uv": [0, 0, 0.5, 0.375], "texture": "#4"},
				"west": {"uv": [0, 0, 0.125, 0.375], "texture": "#4"},
				"up": {"uv": [0, 0, 0.5, 0.125], "texture": "#4"},
				"down": {"uv": [0, 0, 0.5, 0.125], "texture": "#4"}
			}
		},
		{
			"from": [7.75, -1.73731, 11.9457],
			"to": [8.25, -1.61231, 12.0707],
			"rotation": {"angle": -22.5, "axis": "x", "origin": [8, -1.61231, 12.0082]},
			"faces": {
				"north": {"uv": [0, 0, 0.5, 0.125], "texture": "#4", "rotation": 180},
				"east": {"uv": [0, 0, 0.125, 0.125], "texture": "#4", "rotation": 270},
				"south": {"uv": [0, 0, 0.5, 0.125], "texture": "#4"},
				"west": {"uv": [0, 0, 0.125, 0.125], "texture": "#4", "rotation": 90},
				"up": {"uv": [0, 0, 0.5, 0.125], "texture": "#4", "rotation": 180},
				"down": {"uv": [0, 0, 0.5, 0.125], "texture": "#4"}
			}
		},
		{
			"from": [7.75, -1.75171, 9.99829],
			"to": [8.25, -1.62671, 11.99829],
			"rotation": {"angle": 0, "axis": "x", "origin": [8, -1.62671, 11.93579]},
			"faces": {
				"north": {"uv": [0, 0, 0.5, 0.125], "texture": "#4", "rotation": 180},
				"east": {"uv": [0, 0, 0.125, 2], "texture": "#4", "rotation": 270},
				"south": {"uv": [0, 0, 0.5, 0.125], "texture": "#4"},
				"west": {"uv": [0, 0, 0.125, 2], "texture": "#4", "rotation": 90},
				"up": {"uv": [0, 0, 0.5, 2], "texture": "#4", "rotation": 180},
				"down": {"uv": [0, 0, 0.5, 2], "texture": "#4"}
			}
		},
		{
			"from": [7.75, -1.73731, 9.92588],
			"to": [8.25, -1.61231, 10.05088],
			"rotation": {"angle": 22.5, "axis": "x", "origin": [8, -1.61231, 9.98838]},
			"faces": {
				"north": {"uv": [0, 0, 0.5, 0.125], "texture": "#4", "rotation": 180},
				"east": {"uv": [0, 0, 0.125, 0.125], "texture": "#4", "rotation": 270},
				"south": {"uv": [0, 0, 0.5, 0.125], "texture": "#4"},
				"west": {"uv": [0, 0, 0.125, 0.125], "texture": "#4", "rotation": 90},
				"up": {"uv": [0, 0, 0.5, 0.125], "texture": "#4", "rotation": 180},
				"down": {"uv": [0, 0, 0.5, 0.125], "texture": "#4"}
			}
		},
		{
			"from": [7.375, -0.25, 12.375],
			"to": [8.625, 0, 14.625],
			"faces": {
				"north": {"uv": [0, 0, 2.5, 0.75], "texture": "#4"},
				"east": {"uv": [0, 0, 2.5, 0.75], "texture": "#4"},
				"south": {"uv": [0, 0, 2.5, 0.75], "texture": "#4"},
				"west": {"uv": [0, 0, 2.5, 0.75], "texture": "#4"},
				"up": {"uv": [0, 0, 2.5, 2.5], "texture": "#4"},
				"down": {"uv": [0, 0, 2.5, 2.5], "texture": "#4"}
			}
		},
		{
			"from": [7.75, -1.69629, 9.8645],
			"to": [8.25, -1.57129, 9.9895],
			"rotation": {"angle": 45, "axis": "x", "origin": [8, -1.57129, 9.927]},
			"faces": {
				"north": {"uv": [0, 0, 0.5, 0.125], "texture": "#4", "rotation": 180},
				"east": {"uv": [0, 0, 0.125, 0.125], "texture": "#4", "rotation": 270},
				"south": {"uv": [0, 0, 0.5, 0.125], "texture": "#4"},
				"west": {"uv": [0, 0, 0.125, 0.125], "texture": "#4", "rotation": 90},
				"up": {"uv": [0, 0, 0.5, 0.125], "texture": "#4", "rotation": 180},
				"down": {"uv": [0, 0, 0.5, 0.125], "texture": "#4"}
			}
		},
		{
			"from": [7.75, -1.57241, 9.76099],
			"to": [8.25, -1.44741, 9.88599],
			"rotation": {"angle": -22.5, "axis": "x", "origin": [8, -1.50991, 9.88599]},
			"faces": {
				"north": {"uv": [0, 0, 0.5, 0.125], "texture": "#4", "rotation": 180},
				"east": {"uv": [0, 0, 0.125, 0.125], "texture": "#4", "rotation": 180},
				"south": {"uv": [0, 0, 0.5, 0.125], "texture": "#4", "rotation": 180},
				"west": {"uv": [0, 0, 0.125, 0.125], "texture": "#4", "rotation": 180},
				"up": {"uv": [0, 0, 0.5, 0.125], "texture": "#4"},
				"down": {"uv": [0, 0, 0.5, 0.125], "texture": "#4"}
			}
		},
		{
			"from": [7.75, -1.5, 9.74658],
			"to": [8.25, 0, 9.87158],
			"rotation": {"angle": 0, "axis": "x", "origin": [8, -1.5625, 9.87158]},
			"faces": {
				"north": {"uv": [0, 0, 0.5, 1.5], "texture": "#4", "rotation": 180},
				"east": {"uv": [0, 0, 0.125, 1.5], "texture": "#4", "rotation": 180},
				"south": {"uv": [0, 0, 0.5, 1.5], "texture": "#4", "rotation": 180},
				"west": {"uv": [0, 0, 0.125, 1.5], "texture": "#4", "rotation": 180},
				"up": {"uv": [0, 0, 0.5, 0.125], "texture": "#4"},
				"down": {"uv": [0, 0, 0.5, 0.125], "texture": "#4"}
			}
		},
		{
			"from": [7.25, -2.125, 12.35355],
			"to": [8.75, -1.375, 12.85355],
			"rotation": {"angle": -45, "axis": "x", "origin": [8, -1.625, 12.60355]},
			"faces": {
				"north": {"uv": [0, 0, 2.5, 0.75], "texture": "#0"},
				"east": {"uv": [0, 0, 2.5, 0.75], "texture": "#0"},
				"south": {"uv": [0, 0, 2.5, 0.75], "texture": "#0"},
				"west": {"uv": [0, 0, 2.5, 0.75], "texture": "#0"},
				"up": {"uv": [0, 0, 2.5, 2.5], "texture": "#0"},
				"down": {"uv": [0, 0, 2.5, 2.5], "texture": "#0"}
			}
		},
		{
			"from": [7.25, -5.01983, 12.90481],
			"to": [8.75, -1.28111, 14.65239],
			"rotation": {"angle": -22.5, "axis": "x", "origin": [8, -2.40611, 13.15481]},
			"faces": {
				"north": {"uv": [0, 0, 2.5, 0.75], "texture": "#0"},
				"east": {"uv": [0, 0, 2.5, 0.75], "texture": "#0"},
				"south": {"uv": [0, 0, 2.5, 0.75], "texture": "#0"},
				"west": {"uv": [0, 0, 2.5, 0.75], "texture": "#0"},
				"up": {"uv": [0, 0, 2.5, 2.5], "texture": "#0"},
				"down": {"uv": [0, 0, 2.5, 2.5], "texture": "#0"}
			}
		},
		{
			"from": [7.25, -4.93972, 13.31754],
			"to": [8.75, -4.68972, 13.81754],
			"rotation": {"angle": 45, "axis": "x", "origin": [8, -5.31472, 13.56754]},
			"faces": {
				"north": {"uv": [0, 0, 2.5, 0.75], "texture": "#0"},
				"east": {"uv": [0, 0, 2.5, 0.75], "texture": "#0"},
				"south": {"uv": [0, 0, 2.5, 0.75], "texture": "#0"},
				"west": {"uv": [0, 0, 2.5, 0.75], "texture": "#0"},
				"up": {"uv": [0, 0, 2.5, 2.5], "texture": "#0"},
				"down": {"uv": [0, 0, 2.5, 2.5], "texture": "#0"}
			}
		},
		{
			"from": [7.25, -5.1624, 13.71354],
			"to": [8.75, -4.6624, 14.21354],
			"rotation": {"angle": -22.5, "axis": "x", "origin": [8, -4.9124, 14.21354]},
			"faces": {
				"north": {"uv": [0, 0, 2.5, 2.5], "texture": "#0", "rotation": 180},
				"east": {"uv": [0, 0, 2.5, 0.75], "texture": "#0", "rotation": 270},
				"south": {"uv": [0, 0, 2.5, 2.5], "texture": "#0"},
				"west": {"uv": [0, 0, 2.5, 0.75], "texture": "#0", "rotation": 90},
				"up": {"uv": [0, 0, 2.5, 0.75], "texture": "#0", "rotation": 180},
				"down": {"uv": [0, 0, 2.5, 0.75], "texture": "#0"}
			}
		},
		{
			"from": [7.25, -5.33472, 13.84727],
			"to": [8.75, -3.95972, 15.34727],
			"rotation": {"angle": 0, "axis": "x", "origin": [8, -5.08472, 14.09727]},
			"faces": {
				"north": {"uv": [0, 0, 2.5, 2.5], "texture": "#0", "rotation": 180},
				"east": {"uv": [0, 0, 2.5, 0.75], "texture": "#0", "rotation": 270},
				"south": {"uv": [0, 0, 2.5, 2.5], "texture": "#0"},
				"west": {"uv": [0, 0, 2.5, 0.75], "texture": "#0", "rotation": 90},
				"up": {"uv": [0, 0, 2.5, 0.75], "texture": "#0", "rotation": 180},
				"down": {"uv": [0, 0, 2.5, 0.75], "texture": "#0"}
			}
		},
		{
			"from": [7.25, -0.625, 14.25],
			"to": [8.75, -0.25, 14.75],
			"faces": {
				"north": {"uv": [0, 0, 2.5, 0.75], "texture": "#0"},
				"east": {"uv": [0, 0, 2.5, 0.75], "texture": "#0"},
				"south": {"uv": [0, 0, 2.5, 0.75], "texture": "#0"},
				"west": {"uv": [0, 0, 2.5, 0.75], "texture": "#0"},
				"up": {"uv": [0, 0, 2.5, 2.5], "texture": "#0"},
				"down": {"uv": [0, 0, 2.5, 2.5], "texture": "#0"}
			}
		},
		{
			"from": [7.25, -1.51506, 14.19728],
			"to": [8.75, -0.51506, 14.69728],
			"rotation": {"angle": 22.5, "axis": "x", "origin": [8, -0.70256, 14.44728]},
			"faces": {
				"north": {"uv": [0, 0, 2.5, 0.75], "texture": "#0"},
				"east": {"uv": [0, 0, 2.5, 0.75], "texture": "#0"},
				"south": {"uv": [0, 0, 2.5, 0.75], "texture": "#0"},
				"west": {"uv": [0, 0, 2.5, 0.75], "texture": "#0"},
				"up": {"uv": [0, 0, 2.5, 2.5], "texture": "#0"},
				"down": {"uv": [0, 0, 2.5, 2.5], "texture": "#0"}
			}
		},
		{
			"from": [7.25, -5.31516, 15.24899],
			"to": [8.75, -4.81516, 15.74899],
			"rotation": {"angle": 22.5, "axis": "x", "origin": [8, -4.31516, 15.49899]},
			"faces": {
				"north": {"uv": [0, 0, 2.5, 0.75], "texture": "#0"},
				"east": {"uv": [0, 0, 2.5, 0.75], "texture": "#0"},
				"south": {"uv": [0, 0, 2.5, 0.75], "texture": "#0"},
				"west": {"uv": [0, 0, 2.5, 0.75], "texture": "#0"},
				"up": {"uv": [0, 0, 2.5, 2.5], "texture": "#0"},
				"down": {"uv": [0, 0, 2.5, 2.5], "texture": "#0"}
			}
		},
		{
			"from": [7.25, -4.87278, 15.03862],
			"to": [8.75, -4.24778, 15.53862],
			"rotation": {"angle": 0, "axis": "x", "origin": [8, -4.62278, 15.28862]},
			"faces": {
				"north": {"uv": [0, 0, 2.5, 0.75], "texture": "#0"},
				"east": {"uv": [0, 0, 2.5, 0.75], "texture": "#0"},
				"south": {"uv": [0, 0, 2.5, 0.75], "texture": "#0"},
				"west": {"uv": [0, 0, 2.5, 0.75], "texture": "#0"},
				"up": {"uv": [0, 0, 2.5, 2.5], "texture": "#0"},
				"down": {"uv": [0, 0, 2.5, 2.5], "texture": "#0"}
			}
		},
		{
			"from": [8.46457, 2.56093, 8],
			"to": [9.17359, 3.07454, 14.875],
			"rotation": {"angle": -45, "axis": "z", "origin": [8.81908, 2.81773, 11.6875]},
			"faces": {
				"north": {"uv": [0, 0, 0.70902, 0.51362], "texture": "#4"},
				"east": {"uv": [0, 0, 6.875, 0.51362], "texture": "#4"},
				"south": {"uv": [0, 0, 0.70902, 0.51362], "texture": "#4"},
				"west": {"uv": [0, 0, 6.875, 0.51362], "texture": "#4"},
				"up": {"uv": [0, 0, 0.70902, 6.875], "texture": "#4"},
				"down": {"uv": [0, 0, 0.70902, 6.875], "texture": "#4"}
			}
		},
		{
			"from": [8.3042, 2.77418, 14.875],
			"to": [8.48197, 3.28779, 15],
			"rotation": {"angle": -45, "axis": "z", "origin": [8.39309, 2.51737, 14.875]},
			"faces": {
				"north": {"uv": [0, 0, 0.17777, 0.51362], "texture": "#4"},
				"east": {"uv": [0, 0, 0.125, 0.51362], "texture": "#4"},
				"south": {"uv": [0, 0, 0.17777, 0.51362], "texture": "#4"},
				"west": {"uv": [0, 0, 0.125, 0.51362], "texture": "#4"},
				"up": {"uv": [0, 0, 0.17777, 0.125], "texture": "#4"},
				"down": {"uv": [0, 0, 0.17777, 0.125], "texture": "#4"}
			}
		},
		{
			"from": [8.14382, 2.98744, 14.875],
			"to": [8.32159, 3.50106, 15.125],
			"rotation": {"angle": -45, "axis": "z", "origin": [7.96708, 2.21702, 15.03377]},
			"faces": {
				"north": {"uv": [0, 0, 0.17777, 0.51362], "texture": "#4"},
				"east": {"uv": [0, 0, 0.25, 0.51362], "texture": "#4"},
				"south": {"uv": [0, 0, 0.17777, 0.51362], "texture": "#4"},
				"west": {"uv": [0, 0, 0.25, 0.51362], "texture": "#4"},
				"up": {"uv": [0, 0, 0.17777, 0.25], "texture": "#4"},
				"down": {"uv": [0, 0, 0.17777, 0.25], "texture": "#4"}
			}
		},
		{
			"from": [8.632, 2.712, 14.87499],
			"to": [8.80977, 3.22562, 15.24999],
			"rotation": {"angle": -45, "axis": "z", "origin": [8.45526, 2.4552, 15.31502]},
			"faces": {
				"north": {"uv": [0, 0, 0.17777, 0.51362], "texture": "#4"},
				"east": {"uv": [0, 0, 0.375, 0.51362], "texture": "#4"},
				"south": {"uv": [0, 0, 0.17777, 0.51362], "texture": "#4"},
				"west": {"uv": [0, 0, 0.375, 0.51362], "texture": "#4"},
				"up": {"uv": [0, 0, 0.17777, 0.375], "texture": "#4"},
				"down": {"uv": [0, 0, 0.17777, 0.375], "texture": "#4"}
			}
		},
		{
			"from": [7.375, 3.75, 4.625],
			"to": [8.625, 3.875, 14.25],
			"faces": {
				"north": {"uv": [0, 0, 1.5, 1], "texture": "#4"},
				"east": {"uv": [0, 0, 2.125, 1], "texture": "#4"},
				"south": {"uv": [0, 0, 1.5, 1], "texture": "#4"},
				"west": {"uv": [0, 0, 2.125, 1], "texture": "#4"},
				"up": {"uv": [0, 0, 1.5, 2.125], "texture": "#4"},
				"down": {"uv": [0, 0, 1.5, 2.125], "texture": "#4"}
			}
		},
		{
			"from": [7.25933, 3.72749, 4.62499],
			"to": [7.43713, 3.82754, 14.24669],
			"rotation": {"angle": 45, "axis": "z", "origin": [7.34823, 3.77751, 8.99834]},
			"faces": {
				"north": {"uv": [0, 0, 1.5, 1], "texture": "#4"},
				"east": {"uv": [0, 0, 2.125, 1], "texture": "#4"},
				"south": {"uv": [0, 0, 1.5, 1], "texture": "#4"},
				"west": {"uv": [0, 0, 2.125, 1], "texture": "#4"},
				"up": {"uv": [0, 0, 1.5, 2.125], "texture": "#4"},
				"down": {"uv": [0, 0, 1.5, 2.125], "texture": "#4"}
			}
		},
		{
			"from": [8.56299, 3.72681, 4.62553],
			"to": [8.74079, 3.82686, 14.25053],
			"rotation": {"angle": -45, "axis": "z", "origin": [8.65189, 3.77683, 9.00053]},
			"faces": {
				"north": {"uv": [0, 0, 1.5, 1], "texture": "#4"},
				"east": {"uv": [0, 0, 2.125, 1], "texture": "#4"},
				"south": {"uv": [0, 0, 1.5, 1], "texture": "#4"},
				"west": {"uv": [0, 0, 2.125, 1], "texture": "#4"},
				"up": {"uv": [0, 0, 1.5, 2.125], "texture": "#4"},
				"down": {"uv": [0, 0, 1.5, 2.125], "texture": "#4"}
			}
		},
		{
			"from": [8.25, -1.5, 8.74658],
			"to": [8.375, 0, 9.87158],
			"rotation": {"angle": 0, "axis": "x", "origin": [8, -1.5625, 9.87158]},
			"faces": {
				"north": {"uv": [0, 0, 0.125, 1.5], "texture": "#4", "rotation": 180},
				"east": {"uv": [0, 0, 1.125, 1.5], "texture": "#4", "rotation": 180},
				"south": {"uv": [0, 0, 0.125, 1.5], "texture": "#4", "rotation": 180},
				"west": {"uv": [0, 0, 1.125, 1.5], "texture": "#4", "rotation": 180},
				"up": {"uv": [0, 0, 0.125, 1.125], "texture": "#4"},
				"down": {"uv": [0, 0, 0.125, 1.125], "texture": "#4"}
			}
		},
		{
			"from": [7.625, -1.5, 8.74658],
			"to": [7.75, 0, 9.87158],
			"rotation": {"angle": 0, "axis": "x", "origin": [7.25, -1.5625, 9.87158]},
			"faces": {
				"north": {"uv": [0, 0, 0.125, 1.5], "texture": "#4", "rotation": 180},
				"east": {"uv": [0, 0, 1.125, 1.5], "texture": "#4", "rotation": 180},
				"south": {"uv": [0, 0, 0.125, 1.5], "texture": "#4", "rotation": 180},
				"west": {"uv": [0, 0, 1.125, 1.5], "texture": "#4", "rotation": 180},
				"up": {"uv": [0, 0, 0.125, 1.125], "texture": "#4"},
				"down": {"uv": [0, 0, 0.125, 1.125], "texture": "#4"}
			}
		},
		{
			"from": [8.25, -1.25, 8.49658],
			"to": [8.375, 0, 8.74658],
			"rotation": {"angle": 0, "axis": "x", "origin": [8, -1.5625, 9.87158]},
			"faces": {
				"north": {"uv": [0, 0, 0.125, 1.25], "texture": "#4", "rotation": 180},
				"east": {"uv": [0, 0, 0.25, 1.25], "texture": "#4", "rotation": 180},
				"south": {"uv": [0, 0, 0.125, 1.25], "texture": "#4", "rotation": 180},
				"west": {"uv": [0, 0, 0.25, 1.25], "texture": "#4", "rotation": 180},
				"up": {"uv": [0, 0, 0.125, 0.25], "texture": "#4"},
				"down": {"uv": [0, 0, 0.125, 0.25], "texture": "#4"}
			}
		},
		{
			"from": [7.625, -1.25, 8.49658],
			"to": [7.75, 0, 8.74658],
			"rotation": {"angle": 0, "axis": "x", "origin": [7.5, -1.5625, 9.87158]},
			"faces": {
				"north": {"uv": [0, 0, 0.125, 1.25], "texture": "#4", "rotation": 180},
				"east": {"uv": [0, 0, 0.25, 1.25], "texture": "#4", "rotation": 180},
				"south": {"uv": [0, 0, 0.125, 1.25], "texture": "#4", "rotation": 180},
				"west": {"uv": [0, 0, 0.25, 1.25], "texture": "#4", "rotation": 180},
				"up": {"uv": [0, 0, 0.125, 0.25], "texture": "#4"},
				"down": {"uv": [0, 0, 0.125, 0.25], "texture": "#4"}
			}
		},
		{
			"from": [8.25003, -1.46178, 8.679],
			"to": [8.37503, -1.21178, 8.804],
			"rotation": {"angle": 22.5, "axis": "x", "origin": [8.31253, -1.33678, 8.679]},
			"faces": {
				"north": {"uv": [0, 0, 0.125, 0.25], "texture": "#4", "rotation": 180},
				"east": {"uv": [0, 0, 0.125, 0.25], "texture": "#4", "rotation": 180},
				"south": {"uv": [0, 0, 0.125, 0.25], "texture": "#4", "rotation": 180},
				"west": {"uv": [0, 0, 0.125, 0.25], "texture": "#4", "rotation": 180},
				"up": {"uv": [0, 0, 0.125, 0.125], "texture": "#4"},
				"down": {"uv": [0, 0, 0.125, 0.125], "texture": "#4"}
			}
		},
		{
			"from": [8.24996, -1.46673, 8.60373],
			"to": [8.37496, -1.21673, 8.72873],
			"rotation": {"angle": 45, "axis": "x", "origin": [8.31246, -1.34173, 8.69748]},
			"faces": {
				"north": {"uv": [0, 0, 0.125, 0.25], "texture": "#4", "rotation": 180},
				"east": {"uv": [0, 0, 0.125, 0.25], "texture": "#4", "rotation": 180},
				"south": {"uv": [0, 0, 0.125, 0.25], "texture": "#4", "rotation": 180},
				"west": {"uv": [0, 0, 0.125, 0.25], "texture": "#4", "rotation": 180},
				"up": {"uv": [0, 0, 0.125, 0.125], "texture": "#4"},
				"down": {"uv": [0, 0, 0.125, 0.125], "texture": "#4"}
			}
		},
		{
			"from": [8.24981, -1.31947, 8.5154],
			"to": [8.37481, -1.19447, 8.7654],
			"rotation": {"angle": -22.5, "axis": "x", "origin": [8.31231, -1.2726, 8.6404]},
			"faces": {
				"north": {"uv": [0, 0, 0.125, 0.125], "texture": "#4", "rotation": 180},
				"east": {"uv": [0, 0, 0.125, 0.25], "texture": "#4", "rotation": 90},
				"south": {"uv": [0, 0, 0.125, 0.125], "texture": "#4"},
				"west": {"uv": [0, 0, 0.125, 0.25], "texture": "#4", "rotation": 270},
				"up": {"uv": [0, 0, 0.125, 0.25], "texture": "#4"},
				"down": {"uv": [0, 0, 0.125, 0.25], "texture": "#4", "rotation": 180}
			}
		},
		{
			"from": [7.62503, -1.46178, 8.679],
			"to": [7.75003, -1.21178, 8.804],
			"rotation": {"angle": 22.5, "axis": "x", "origin": [7.56253, -1.33678, 8.679]},
			"faces": {
				"north": {"uv": [0, 0, 0.125, 0.25], "texture": "#4", "rotation": 180},
				"east": {"uv": [0, 0, 0.125, 0.25], "texture": "#4", "rotation": 180},
				"south": {"uv": [0, 0, 0.125, 0.25], "texture": "#4", "rotation": 180},
				"west": {"uv": [0, 0, 0.125, 0.25], "texture": "#4", "rotation": 180},
				"up": {"uv": [0, 0, 0.125, 0.125], "texture": "#4"},
				"down": {"uv": [0, 0, 0.125, 0.125], "texture": "#4"}
			}
		},
		{
			"from": [7.62496, -1.46673, 8.60373],
			"to": [7.74996, -1.21673, 8.72873],
			"rotation": {"angle": 45, "axis": "x", "origin": [7.56246, -1.34173, 8.69748]},
			"faces": {
				"north": {"uv": [0, 0, 0.125, 0.25], "texture": "#4", "rotation": 180},
				"east": {"uv": [0, 0, 0.125, 0.25], "texture": "#4", "rotation": 180},
				"south": {"uv": [0, 0, 0.125, 0.25], "texture": "#4", "rotation": 180},
				"west": {"uv": [0, 0, 0.125, 0.25], "texture": "#4", "rotation": 180},
				"up": {"uv": [0, 0, 0.125, 0.125], "texture": "#4"},
				"down": {"uv": [0, 0, 0.125, 0.125], "texture": "#4"}
			}
		},
		{
			"from": [7.62481, -1.31947, 8.5154],
			"to": [7.74981, -1.19447, 8.7654],
			"rotation": {"angle": -22.5, "axis": "x", "origin": [7.56231, -1.2726, 8.6404]},
			"faces": {
				"north": {"uv": [0, 0, 0.125, 0.125], "texture": "#4", "rotation": 180},
				"east": {"uv": [0, 0, 0.125, 0.25], "texture": "#4", "rotation": 90},
				"south": {"uv": [0, 0, 0.125, 0.125], "texture": "#4"},
				"west": {"uv": [0, 0, 0.125, 0.25], "texture": "#4", "rotation": 270},
				"up": {"uv": [0, 0, 0.125, 0.25], "texture": "#4"},
				"down": {"uv": [0, 0, 0.125, 0.25], "texture": "#4", "rotation": 180}
			}
		},
		{
			"from": [7.5, -0.5, 8.49658],
			"to": [8.5, 0, 9.87158],
			"rotation": {"angle": 0, "axis": "x", "origin": [8, -1.5625, 9.87158]},
			"faces": {
				"north": {"uv": [0, 0, 1, 0.5], "texture": "#4", "rotation": 180},
				"east": {"uv": [0, 0, 1.375, 0.5], "texture": "#4", "rotation": 180},
				"south": {"uv": [0, 0, 1, 0.5], "texture": "#4", "rotation": 180},
				"west": {"uv": [0, 0, 1.375, 0.5], "texture": "#4", "rotation": 180},
				"up": {"uv": [0, 0, 1, 1.375], "texture": "#4"},
				"down": {"uv": [0, 0, 1, 1.375], "texture": "#4"}
			}
		},
		{
			"from": [7.5, -0.45666, 8.21446],
			"to": [8.5, 0.91834, 8.71446],
			"rotation": {"angle": -22.5, "axis": "x", "origin": [8, 0.23084, 8.46446]},
			"faces": {
				"north": {"uv": [0, 0, 1, 1.375], "texture": "#4", "rotation": 180},
				"east": {"uv": [0, 0, 1.375, 0.5], "texture": "#4", "rotation": 90},
				"south": {"uv": [0, 0, 1, 1.375], "texture": "#4"},
				"west": {"uv": [0, 0, 1.375, 0.5], "texture": "#4", "rotation": 270},
				"up": {"uv": [0, 0, 1, 0.5], "texture": "#4"},
				"down": {"uv": [0, 0, 1, 0.5], "texture": "#4", "rotation": 180}
			}
		},
		{
			"from": [7.5, -0.648, 9.61564],
			"to": [8.5, 0.727, 10.11564],
			"rotation": {"angle": 22.5, "axis": "x", "origin": [8, 0.0395, 10.36564]},
			"faces": {
				"north": {"uv": [0, 0, 1, 1.375], "texture": "#4", "rotation": 180},
				"east": {"uv": [0, 0, 1.375, 0.5], "texture": "#4", "rotation": 90},
				"south": {"uv": [0, 0, 1, 1.375], "texture": "#4"},
				"west": {"uv": [0, 0, 1.375, 0.5], "texture": "#4", "rotation": 270},
				"up": {"uv": [0, 0, 1, 0.5], "texture": "#4"},
				"down": {"uv": [0, 0, 1, 0.5], "texture": "#4", "rotation": 180}
			}
		},
		{
			"from": [7.75, -0.5, 11.5],
			"to": [8.25, 0, 11.75],
			"rotation": {"angle": 0, "axis": "x", "origin": [8, 0.0625, 11.5]},
			"faces": {
				"north": {"uv": [0, 0, 0.5, 0.5], "texture": "#5", "rotation": 180},
				"east": {"uv": [0, 0, 0.5, 0.25], "texture": "#5", "rotation": 90},
				"south": {"uv": [0, 0, 0.5, 0.5], "texture": "#5"},
				"west": {"uv": [0, 0, 0.5, 0.25], "texture": "#5", "rotation": 270},
				"up": {"uv": [0, 0, 0.5, 0.25], "texture": "#5"},
				"down": {"uv": [0, 0, 0.5, 0.25], "texture": "#5", "rotation": 180}
			}
		},
		{
			"from": [7.74974, -0.93298, 11.41396],
			"to": [8.24974, -0.43298, 11.66396],
			"rotation": {"angle": 22.5, "axis": "x", "origin": [7.99974, -0.68298, 11.53896]},
			"faces": {
				"north": {"uv": [0, 0, 0.5, 0.5], "texture": "#5", "rotation": 180},
				"east": {"uv": [0, 0, 0.5, 0.25], "texture": "#5", "rotation": 90},
				"south": {"uv": [0, 0, 0.5, 0.5], "texture": "#5"},
				"west": {"uv": [0, 0, 0.5, 0.25], "texture": "#5", "rotation": 270},
				"up": {"uv": [0, 0, 0.5, 0.25], "texture": "#5"},
				"down": {"uv": [0, 0, 0.5, 0.25], "texture": "#5", "rotation": 180}
			}
		},
		{
			"from": [7.75, -0.25, 11.625],
			"to": [8.25, 0.25, 11.875],
			"rotation": {"angle": -22.5, "axis": "x", "origin": [8, 0, 11.75]},
			"faces": {
				"north": {"uv": [0, 0, 0.5, 0.5], "texture": "#5", "rotation": 180},
				"east": {"uv": [0, 0, 0.5, 0.25], "texture": "#5", "rotation": 90},
				"south": {"uv": [0, 0, 0.5, 0.5], "texture": "#5"},
				"west": {"uv": [0, 0, 0.5, 0.25], "texture": "#5", "rotation": 270},
				"up": {"uv": [0, 0, 0.5, 0.25], "texture": "#5"},
				"down": {"uv": [0, 0, 0.5, 0.25], "texture": "#5", "rotation": 180}
			}
		},
		{
			"from": [7.74984, -0.16778, 11.74774],
			"to": [8.24984, 0.33222, 12.24774],
			"rotation": {"angle": -45, "axis": "x", "origin": [7.99984, 0.08222, 11.87274]},
			"faces": {
				"north": {"uv": [0, 0, 0.5, 0.5], "texture": "#5", "rotation": 180},
				"east": {"uv": [0, 0, 0.5, 0.5], "texture": "#5", "rotation": 90},
				"south": {"uv": [0, 0, 0.5, 0.5], "texture": "#5"},
				"west": {"uv": [0, 0, 0.5, 0.5], "texture": "#5", "rotation": 270},
				"up": {"uv": [0, 0, 0.5, 0.5], "texture": "#5"},
				"down": {"uv": [0, 0, 0.5, 0.5], "texture": "#5", "rotation": 180}
			}
		},
		{
			"from": [7.74948, -1.30008, 11.16878],
			"to": [8.24948, -0.80008, 11.41878],
			"rotation": {"angle": 45, "axis": "x", "origin": [7.99948, -1.05008, 11.29378]},
			"faces": {
				"north": {"uv": [0, 0, 0.5, 0.5], "texture": "#5", "rotation": 180},
				"east": {"uv": [0, 0, 0.5, 0.25], "texture": "#5", "rotation": 90},
				"south": {"uv": [0, 0, 0.5, 0.5], "texture": "#5"},
				"west": {"uv": [0, 0, 0.5, 0.25], "texture": "#5", "rotation": 270},
				"up": {"uv": [0, 0, 0.5, 0.25], "texture": "#5"},
				"down": {"uv": [0, 0, 0.5, 0.25], "texture": "#5", "rotation": 180}
			}
		},
		{
			"from": [7.25, -2.75, 6.25],
			"to": [8.75, 0, 8],
			"faces": {
				"north": {"uv": [0, 0, 1.5, 2.75], "texture": "#4"},
				"east": {"uv": [0, 0, 1.75, 2.75], "texture": "#4"},
				"south": {"uv": [0, 0, 1.5, 2.75], "texture": "#4"},
				"west": {"uv": [2.5, 0, 13.25, 15.75], "texture": "#4"},
				"up": {"uv": [0, 0, 1.5, 1.75], "texture": "#4"},
				"down": {"uv": [0, 0, 1.5, 1.75], "texture": "#4"}
			}
		},
		{
			"from": [7.375, -2.75, 5.75],
			"to": [8.625, 0, 6.25],
			"faces": {
				"north": {"uv": [0, 0, 1.25, 2.75], "texture": "#4"},
				"east": {"uv": [0, 0, 0.5, 2.75], "texture": "#4"},
				"south": {"uv": [0, 0, 1.25, 2.75], "texture": "#4"},
				"west": {"uv": [0, 0, 0.5, 2.75], "texture": "#4"},
				"up": {"uv": [0, 0, 1.25, 0.5], "texture": "#4"},
				"down": {"uv": [0, 0, 1.25, 0.5], "texture": "#4"}
			}
		},
		{
			"from": [7.25044, -4.87377, 5.9763],
			"to": [8.75044, -2.12377, 7.7263],
			"rotation": {"angle": 22.5, "axis": "x", "origin": [8.00044, -3.12377, 6.2888]},
			"faces": {
				"north": {"uv": [0, 0, 1.5, 2.75], "texture": "#4"},
				"east": {"uv": [0, 0, 1.75, 2.75], "texture": "#4"},
				"south": {"uv": [0, 0, 1.5, 2.75], "texture": "#4"},
				"west": {"uv": [2, 0, 13.25, 15.75], "texture": "#4"},
				"up": {"uv": [0, 0, 1.5, 1.75], "texture": "#4"},
				"down": {"uv": [0, 0, 1.5, 1.75], "texture": "#4"}
			}
		},
		{
			"from": [7.37544, -4.87377, 5.4763],
			"to": [8.62544, -2.12377, 5.9763],
			"rotation": {"angle": 22.5, "axis": "x", "origin": [8.00044, -3.12377, 6.2888]},
			"faces": {
				"north": {"uv": [0, 0, 1.25, 2.75], "texture": "#4"},
				"east": {"uv": [0, 0, 0.5, 2.75], "texture": "#4"},
				"south": {"uv": [0, 0, 1.25, 2.75], "texture": "#4"},
				"west": {"uv": [0, 0, 0.5, 2.75], "texture": "#4"},
				"up": {"uv": [0, 0, 1.25, 0.5], "texture": "#4"},
				"down": {"uv": [0, 0, 1.25, 0.5], "texture": "#4"}
			}
		},
		{
			"from": [7.25111, -6.65791, 4.73349],
			"to": [8.75111, -3.90791, 6.48349],
			"rotation": {"angle": 45, "axis": "x", "origin": [8.00111, -5.15791, 5.04599]},
			"faces": {
				"north": {"uv": [0, 0, 1.5, 2.75], "texture": "#4"},
				"east": {"uv": [0, 0, 1.75, 2.75], "texture": "#4"},
				"south": {"uv": [0, 0, 1.5, 2.75], "texture": "#4"},
				"west": {"uv": [0, 0, 1.75, 2.75], "texture": "#4"},
				"up": {"uv": [0, 0, 1.5, 1.75], "texture": "#4"},
				"down": {"uv": [0, 0, 1.5, 1.75], "texture": "#4"}
			}
		},
		{
			"from": [7.37611, -6.65791, 4.23349],
			"to": [8.62611, -3.90791, 4.73349],
			"rotation": {"angle": 45, "axis": "x", "origin": [8.00111, -5.15791, 5.04599]},
			"faces": {
				"north": {"uv": [0, 0, 1.25, 2.75], "texture": "#4"},
				"east": {"uv": [0, 0, 0.5, 2.75], "texture": "#4"},
				"south": {"uv": [0, 0, 1.25, 2.75], "texture": "#4"},
				"west": {"uv": [0, 0, 0.5, 2.75], "texture": "#4"},
				"up": {"uv": [0, 0, 1.25, 0.5], "texture": "#4"},
				"down": {"uv": [0, 0, 1.25, 0.5], "texture": "#4"}
			}
		},
		{
			"from": [7.15625, -0.125, 6.15625],
			"to": [8.84375, 0, 8.09375],
			"faces": {
				"north": {"uv": [0, 0, 1.6875, 0.125], "texture": "#5"},
				"east": {"uv": [0, 0, 1.9375, 0.125], "texture": "#5"},
				"south": {"uv": [0, 0, 1.6875, 0.125], "texture": "#5"},
				"west": {"uv": [0, 0, 1.9375, 0.125], "texture": "#5"},
				"up": {"uv": [0, 0, 1.6875, 1.9375], "texture": "#5"},
				"down": {"uv": [0, 0, 1.6875, 1.9375], "texture": "#5"}
			}
		},
		{
			"from": [7.28125, -0.125, 5.65625],
			"to": [8.71875, 0, 6.15625],
			"faces": {
				"north": {"uv": [0, 0, 1.4375, 0.125], "texture": "#5"},
				"east": {"uv": [0, 0, 0.5, 0.125], "texture": "#5"},
				"south": {"uv": [0, 0, 1.4375, 0.125], "texture": "#5"},
				"west": {"uv": [0, 0, 0.5, 0.125], "texture": "#5"},
				"up": {"uv": [0, 0, 1.4375, 0.5], "texture": "#5"},
				"down": {"uv": [0, 0, 1.4375, 0.5], "texture": "#5"}
			}
		},
		{
			"from": [7, 0, 3.75],
			"to": [9, 2.25, 7],
			"faces": {
				"north": {"uv": [0, 0, 2.5, 2.75], "texture": "#4"},
				"east": {"uv": [0, 0, 3.75, 2.75], "texture": "#4"},
				"south": {"uv": [0, 0, 2.5, 2.75], "texture": "#4"},
				"west": {"uv": [0, 0, 3.75, 2.75], "texture": "#4"},
				"up": {"uv": [0, 0, 2.5, 3.75], "texture": "#4"},
				"down": {"uv": [0, 0, 2.5, 3.75], "texture": "#4"}
			}
		},
		{
			"from": [9, 1, 4],
			"to": [9.25, 2.25, 7],
			"faces": {
				"north": {"uv": [0, 0, 2.5, 2.75], "texture": "#4"},
				"east": {"uv": [0, 0, 3.75, 2.75], "texture": "#4"},
				"south": {"uv": [0, 0, 2.5, 2.75], "texture": "#4"},
				"west": {"uv": [0, 0, 3.75, 2.75], "texture": "#4"},
				"up": {"uv": [0, 0, 2.5, 3.75], "texture": "#4"},
				"down": {"uv": [0, 0, 2.5, 3.75], "texture": "#4"}
			}
		},
		{
			"from": [9, 0, 4],
			"to": [9.25, 0.25, 7],
			"faces": {
				"north": {"uv": [0, 0, 2.5, 2.75], "texture": "#4"},
				"east": {"uv": [0, 0, 3.75, 2.75], "texture": "#4"},
				"south": {"uv": [0, 0, 2.5, 2.75], "texture": "#4"},
				"west": {"uv": [0, 0, 3.75, 2.75], "texture": "#4"},
				"up": {"uv": [0, 0, 2.5, 3.75], "texture": "#4"},
				"down": {"uv": [0, 0, 2.5, 3.75], "texture": "#4"}
			}
		},
		{
			"from": [9, 0, 3.75],
			"to": [9.25, 2.25, 4],
			"faces": {
				"north": {"uv": [0, 0, 2.5, 2.75], "texture": "#4"},
				"east": {"uv": [0, 0, 3.75, 2.75], "texture": "#4"},
				"south": {"uv": [0, 0, 2.5, 2.75], "texture": "#4"},
				"west": {"uv": [0, 0, 3.75, 2.75], "texture": "#4"},
				"up": {"uv": [0, 0, 2.5, 3.75], "texture": "#4"},
				"down": {"uv": [0, 0, 2.5, 3.75], "texture": "#4"}
			}
		},
		{
			"from": [6.75, 0, 3.75],
			"to": [7, 2.25, 4],
			"faces": {
				"north": {"uv": [0, 0, 2.5, 2.75], "texture": "#4"},
				"east": {"uv": [0, 0, 3.75, 2.75], "texture": "#4"},
				"south": {"uv": [0, 0, 2.5, 2.75], "texture": "#4"},
				"west": {"uv": [0, 0, 3.75, 2.75], "texture": "#4"},
				"up": {"uv": [0, 0, 2.5, 3.75], "texture": "#4"},
				"down": {"uv": [0, 0, 2.5, 3.75], "texture": "#4"}
			}
		},
		{
			"from": [6.75, 1, 4],
			"to": [7, 2.25, 7],
			"faces": {
				"north": {"uv": [0, 0, 2.5, 2.75], "texture": "#4"},
				"east": {"uv": [0, 0, 3.75, 2.75], "texture": "#4"},
				"south": {"uv": [0, 0, 2.5, 2.75], "texture": "#4"},
				"west": {"uv": [0, 0, 3.75, 2.75], "texture": "#4"},
				"up": {"uv": [0, 0, 2.5, 3.75], "texture": "#4"},
				"down": {"uv": [0, 0, 2.5, 3.75], "texture": "#4"}
			}
		},
		{
			"from": [6.75, 0, 4],
			"to": [7, 0.25, 7],
			"faces": {
				"north": {"uv": [0, 0, 2.5, 2.75], "texture": "#4"},
				"east": {"uv": [0, 0, 3.75, 2.75], "texture": "#4"},
				"south": {"uv": [0, 0, 2.5, 2.75], "texture": "#4"},
				"west": {"uv": [0, 0, 3.75, 2.75], "texture": "#4"},
				"up": {"uv": [0, 0, 2.5, 3.75], "texture": "#4"},
				"down": {"uv": [0, 0, 2.5, 3.75], "texture": "#4"}
			}
		},
		{
			"from": [8.10762, 2.58013, 4.625],
			"to": [8.62914, 3.09375, 8],
			"rotation": {"angle": -45, "axis": "z", "origin": [8.46213, 2.32332, 4.8125]},
			"faces": {
				"north": {"uv": [0, 0, 0.61527, 0.51362], "texture": "#5"},
				"east": {"uv": [0, 0, 3.375, 0.51362], "texture": "#5"},
				"south": {"uv": [0, 0, 0.61527, 0.51362], "texture": "#5"},
				"west": {"uv": [0, 0, 3.375, 0.51362], "texture": "#5"},
				"up": {"uv": [0, 0, 0.61527, 3.375], "texture": "#5"},
				"down": {"uv": [0, 0, 0.61527, 3.375], "texture": "#5"}
			}
		},
		{
			"from": [7.5, 2.25, 4.625],
			"to": [9.125, 2.75, 8],
			"faces": {
				"north": {"uv": [0, 0, 2.5, 0.5], "texture": "#5"},
				"east": {"uv": [0, 0, 3.125, 0.5], "texture": "#5"},
				"south": {"uv": [0, 0, 2.5, 0.5], "texture": "#5"},
				"west": {"uv": [0, 0, 3.125, 0.5], "texture": "#5"},
				"up": {"uv": [0, 0, 2.5, 3.125], "texture": "#5"},
				"down": {"uv": [0, 0, 2.5, 3.125], "texture": "#5"}
			}
		},
		{
			"from": [9, 2.5, 5.125],
			"to": [9.75, 2.75, 5.25],
			"faces": {
				"north": {"uv": [0, 0, 0.75, 0.25], "texture": "#5"},
				"east": {"uv": [0, 0, 0.125, 0.25], "texture": "#5"},
				"south": {"uv": [0, 0, 0.75, 0.25], "texture": "#5"},
				"west": {"uv": [0, 0, 0.125, 0.25], "texture": "#5"},
				"up": {"uv": [0, 0, 0.75, 0.125], "texture": "#5"},
				"down": {"uv": [0, 0, 0.75, 0.125], "texture": "#5"}
			}
		},
		{
			"from": [6.625, 2.25, 3.75],
			"to": [9.375, 3.125, 4.625],
			"faces": {
				"north": {"uv": [0, 0, 2.5, 0.5], "texture": "#4"},
				"east": {"uv": [0, 0, 3.125, 0.5], "texture": "#4"},
				"south": {"uv": [0, 0, 2.5, 0.5], "texture": "#4"},
				"west": {"uv": [0, 0, 3.125, 0.5], "texture": "#4"},
				"up": {"uv": [0, 0, 2.5, 3.125], "texture": "#4"},
				"down": {"uv": [0, 0, 2.5, 3.125], "texture": "#4"}
			}
		},
		{
			"from": [8.46457, 2.56093, 4.875],
			"to": [8.67359, 3.07454, 8],
			"rotation": {"angle": -45, "axis": "z", "origin": [8.81908, 2.81773, 11.6875]},
			"faces": {
				"north": {"uv": [0, 0, 0.70902, 0.51362], "texture": "#4"},
				"east": {"uv": [0, 0, 6.875, 0.51362], "texture": "#4"},
				"south": {"uv": [0, 0, 0.70902, 0.51362], "texture": "#4"},
				"west": {"uv": [0, 0, 6.875, 0.51362], "texture": "#4"},
				"up": {"uv": [0, 0, 0.70902, 6.875], "texture": "#4"},
				"down": {"uv": [0, 0, 0.70902, 6.875], "texture": "#4"}
			}
		},
		{
			"from": [8.46457, 2.56093, 4.625],
			"to": [9.17359, 3.07454, 4.875],
			"rotation": {"angle": -45, "axis": "z", "origin": [8.81908, 2.81773, 11.6875]},
			"faces": {
				"north": {"uv": [0, 0, 0.70902, 0.51362], "texture": "#4"},
				"east": {"uv": [0, 0, 6.875, 0.51362], "texture": "#4"},
				"south": {"uv": [0, 0, 0.70902, 0.51362], "texture": "#4"},
				"west": {"uv": [0, 0, 6.875, 0.51362], "texture": "#4"},
				"up": {"uv": [0, 0, 0.70902, 6.875], "texture": "#4"},
				"down": {"uv": [0, 0, 0.70902, 6.875], "texture": "#4"}
			}
		},
		{
			"from": [9.125, 2.25, 4.625],
			"to": [9.25, 2.75, 4.875],
			"faces": {
				"north": {"uv": [0, 0, 2.5, 0.5], "texture": "#4"},
				"east": {"uv": [0, 0, 3.125, 0.5], "texture": "#4"},
				"south": {"uv": [0, 0, 2.5, 0.5], "texture": "#4"},
				"west": {"uv": [0, 0, 3.125, 0.5], "texture": "#4"},
				"up": {"uv": [0, 0, 2.5, 3.125], "texture": "#4"},
				"down": {"uv": [0, 0, 2.5, 3.125], "texture": "#4"}
			}
		},
		{
			"from": [6.75, 2.25, 4.625],
			"to": [7.5, 2.75, 8],
			"faces": {
				"north": {"uv": [0, 0, 2.5, 0.5], "texture": "#4"},
				"east": {"uv": [0, 0, 3.125, 0.5], "texture": "#4"},
				"south": {"uv": [0, 0, 2.5, 0.5], "texture": "#4"},
				"west": {"uv": [0, 0, 3.125, 0.5], "texture": "#4"},
				"up": {"uv": [0, 0, 2.5, 3.125], "texture": "#4"},
				"down": {"uv": [0, 0, 2.5, 3.125], "texture": "#4"}
			}
		},
		{
			"from": [7.75, -1.50121, 12.17627],
			"to": [8.25, -0.37621, 12.30127],
			"rotation": {"angle": 0, "axis": "x", "origin": [8, -1.31371, 12.23877]},
			"faces": {
				"north": {"uv": [0, 0, 0.5, 0.375], "texture": "#4"},
				"east": {"uv": [0, 0, 0.125, 0.375], "texture": "#4"},
				"south": {"uv": [0, 0, 0.5, 0.375], "texture": "#4"},
				"west": {"uv": [0, 0, 0.125, 0.375], "texture": "#4"},
				"up": {"uv": [0, 0, 0.5, 0.125], "texture": "#4"},
				"down": {"uv": [0, 0, 0.5, 0.125], "texture": "#4"}
			}
		},
		{
			"from": [7.75, -0.40964, 12.21935],
			"to": [8.25, 0.09036, 12.34435],
			"rotation": {"angle": 22.5, "axis": "x", "origin": [8, -0.28464, 12.28185]},
			"faces": {
				"north": {"uv": [0, 0, 0.5, 0.375], "texture": "#4"},
				"east": {"uv": [0, 0, 0.125, 0.375], "texture": "#4"},
				"south": {"uv": [0, 0, 0.5, 0.375], "texture": "#4"},
				"west": {"uv": [0, 0, 0.125, 0.375], "texture": "#4"},
				"up": {"uv": [0, 0, 0.5, 0.125], "texture": "#4"},
				"down": {"uv": [0, 0, 0.5, 0.125], "texture": "#4"}
			}
		},
		{
			"from": [6.875, 0.25, 3.5],
			"to": [9.125, 2.625, 3.75],
			"faces": {
				"north": {"uv": [0, 0, 2.5, 2.75], "texture": "#4"},
				"east": {"uv": [0, 0, 3.75, 2.75], "texture": "#4"},
				"south": {"uv": [0, 0, 2.5, 2.75], "texture": "#4"},
				"west": {"uv": [0, 0, 3.75, 2.75], "texture": "#4"},
				"up": {"uv": [0, 0, 2.5, 3.75], "texture": "#4"},
				"down": {"uv": [0, 0, 2.5, 3.75], "texture": "#4"}
			}
		},
		{
			"from": [8.58326, -0.09883, 3.5],
			"to": [8.83326, 0.65117, 3.75],
			"rotation": {"angle": 22.5, "axis": "z", "origin": [8.45826, 0.27617, 3.625]},
			"faces": {
				"north": {"uv": [0, 0, 2.5, 2.75], "texture": "#4"},
				"east": {"uv": [0, 0, 3.75, 2.75], "texture": "#4"},
				"south": {"uv": [0, 0, 2.5, 2.75], "texture": "#4"},
				"west": {"uv": [0, 0, 3.75, 2.75], "texture": "#4"},
				"up": {"uv": [0, 0, 2.5, 3.75], "texture": "#4"},
				"down": {"uv": [0, 0, 2.5, 3.75], "texture": "#4"}
			}
		},
		{
			"from": [8.64645, 0.05178, 3.5],
			"to": [8.89645, 0.80178, 3.75],
			"rotation": {"angle": 45, "axis": "z", "origin": [8.77145, 0.42678, 3.625]},
			"faces": {
				"north": {"uv": [0, 0, 2.5, 2.75], "texture": "#4"},
				"east": {"uv": [0, 0, 3.75, 2.75], "texture": "#4"},
				"south": {"uv": [0, 0, 2.5, 2.75], "texture": "#4"},
				"west": {"uv": [0, 0, 3.75, 2.75], "texture": "#4"},
				"up": {"uv": [0, 0, 2.5, 3.75], "texture": "#4"},
				"down": {"uv": [0, 0, 2.5, 3.75], "texture": "#4"}
			}
		},
		{
			"from": [7.27975, -0.02245, 3.5],
			"to": [8.71725, 0.72755, 3.75],
			"rotation": {"angle": 0, "axis": "z", "origin": [8.59225, 0.35255, 3.625]},
			"faces": {
				"north": {"uv": [0, 0, 2.5, 2.75], "texture": "#4"},
				"east": {"uv": [0, 0, 3.75, 2.75], "texture": "#4"},
				"south": {"uv": [0, 0, 2.5, 2.75], "texture": "#4"},
				"west": {"uv": [0, 0, 3.75, 2.75], "texture": "#4"},
				"up": {"uv": [0, 0, 2.5, 3.75], "texture": "#4"},
				"down": {"uv": [0, 0, 2.5, 3.75], "texture": "#4"}
			}
		},
		{
			"from": [7.10355, 0.05178, 3.5],
			"to": [7.35355, 0.80178, 3.75],
			"rotation": {"angle": -45, "axis": "z", "origin": [7.22855, 0.42678, 3.625]},
			"faces": {
				"north": {"uv": [0, 0, 2.5, 2.75], "texture": "#4"},
				"east": {"uv": [0, 0, 3.75, 2.75], "texture": "#4"},
				"south": {"uv": [0, 0, 2.5, 2.75], "texture": "#4"},
				"west": {"uv": [0, 0, 3.75, 2.75], "texture": "#4"},
				"up": {"uv": [0, 0, 2.5, 3.75], "texture": "#4"},
				"down": {"uv": [0, 0, 2.5, 3.75], "texture": "#4"}
			}
		},
		{
			"from": [7.18577, -0.00316, 3.5],
			"to": [7.43577, 0.74684, 3.75],
			"rotation": {"angle": -22.5, "axis": "z", "origin": [7.31077, 0.37184, 3.625]},
			"faces": {
				"north": {"uv": [0, 0, 2.5, 2.75], "texture": "#4"},
				"east": {"uv": [0, 0, 3.75, 2.75], "texture": "#4"},
				"south": {"uv": [0, 0, 2.5, 2.75], "texture": "#4"},
				"west": {"uv": [0, 0, 3.75, 2.75], "texture": "#4"},
				"up": {"uv": [0, 0, 2.5, 3.75], "texture": "#4"},
				"down": {"uv": [0, 0, 2.5, 3.75], "texture": "#4"}
			}
		},
		{
			"from": [6.625, -0.125, 2.625],
			"to": [9.375, 2.625, 3.5],
			"faces": {
				"north": {"uv": [0, 0, 2.5, 2.75], "texture": "#0"},
				"east": {"uv": [0, 0, 3.75, 2.75], "texture": "#0"},
				"south": {"uv": [0, 0, 2.5, 2.75], "texture": "#0"},
				"west": {"uv": [0, 0, 3.75, 2.75], "texture": "#0"},
				"up": {"uv": [0, 0, 2.5, 3.75], "texture": "#0"},
				"down": {"uv": [0, 0, 2.5, 3.75], "texture": "#0"}
			}
		},
		{
			"from": [6.625, 0.02339, 2.12897],
			"to": [9.375, 0.52339, 2.75397],
			"rotation": {"angle": 22.5, "axis": "x", "origin": [8, 0.27339, 2.31647]},
			"faces": {
				"north": {"uv": [0, 0, 2.5, 2.75], "texture": "#0"},
				"east": {"uv": [0, 0, 3.75, 2.75], "texture": "#0"},
				"south": {"uv": [0, 0, 2.5, 2.75], "texture": "#0"},
				"west": {"uv": [0, 0, 3.75, 2.75], "texture": "#0"},
				"up": {"uv": [0, 0, 2.5, 3.75], "texture": "#0"},
				"down": {"uv": [0, 0, 2.5, 3.75], "texture": "#0"}
			}
		},
		{
			"from": [6.625, 0.09375, -3.375],
			"to": [9.375, 2.375, 2.625],
			"faces": {
				"north": {"uv": [0, 0, 2.5, 2.75], "texture": "#0"},
				"east": {"uv": [0, 0, 3.75, 2.75], "texture": "#0"},
				"south": {"uv": [0, 0, 2.5, 2.75], "texture": "#0"},
				"west": {"uv": [0, 0, 3.75, 2.75], "texture": "#0"},
				"up": {"uv": [0, 0, 2.5, 3.75], "texture": "#0"},
				"down": {"uv": [0, 0, 2.5, 3.75], "texture": "#0"}
			}
		},
		{
			"from": [7.25, 2.625, 3.5],
			"to": [8.75, 3.875, 4.625],
			"faces": {
				"north": {"uv": [0, 0, 1.5, 1.25], "texture": "#4"},
				"east": {"uv": [0, 0, 1.125, 1.25], "texture": "#4"},
				"south": {"uv": [0, 0, 1.5, 1.25], "texture": "#4"},
				"west": {"uv": [0, 0, 1.125, 1.25], "texture": "#4"},
				"up": {"uv": [0, 0, 1.5, 1.125], "texture": "#4"},
				"down": {"uv": [0, 0, 1.5, 1.125], "texture": "#4"}
			}
		},
		{
			"from": [7.25, 3.85043, 3.49511],
			"to": [8.75, 3.97543, 3.74511],
			"rotation": {"angle": 22.5, "axis": "x", "origin": [8, 3.91293, 3.49511]},
			"faces": {
				"north": {"uv": [0, 0, 1.5, 0.125], "texture": "#4"},
				"east": {"uv": [0, 0, 0.25, 0.125], "texture": "#4"},
				"south": {"uv": [0, 0, 1.5, 0.125], "texture": "#4"},
				"west": {"uv": [0, 0, 0.25, 0.125], "texture": "#4"},
				"up": {"uv": [0, 0, 1.5, 0.25], "texture": "#4"},
				"down": {"uv": [0, 0, 1.5, 0.25], "texture": "#4"}
			}
		},
		{
			"from": [7.25, 2.62692, 2.39403],
			"to": [8.75, 3.97067, 3.51903],
			"faces": {
				"north": {"uv": [0, 0, 1.5, 1.34375], "texture": "#4"},
				"east": {"uv": [0, 0, 1.125, 1.34375], "texture": "#4"},
				"south": {"uv": [0, 0, 1.5, 1.34375], "texture": "#4"},
				"west": {"uv": [0, 0, 1.125, 1.34375], "texture": "#4"},
				"up": {"uv": [0, 0, 1.5, 1.125], "texture": "#4"},
				"down": {"uv": [0, 0, 1.5, 1.125], "texture": "#4"}
			}
		},
		{
			"from": [7.25, 3.95561, 2.40381],
			"to": [8.75, 4.08061, 2.71631],
			"rotation": {"angle": 22.5, "axis": "x", "origin": [8, 3.89311, 2.46631]},
			"faces": {
				"north": {"uv": [0, 0, 1.5, 0.125], "texture": "#4"},
				"east": {"uv": [0, 0, 0.3125, 0.125], "texture": "#4"},
				"south": {"uv": [0, 0, 1.5, 0.125], "texture": "#4"},
				"west": {"uv": [0, 0, 0.3125, 0.125], "texture": "#4"},
				"up": {"uv": [0, 0, 1.5, 0.3125], "texture": "#4"},
				"down": {"uv": [0, 0, 1.5, 0.3125], "texture": "#4"}
			}
		},
		{
			"from": [7.25, 4.0002, 2.52096],
			"to": [8.75, 4.1252, 2.64596],
			"rotation": {"angle": 45, "axis": "x", "origin": [8, 4.0627, 2.52096]},
			"faces": {
				"north": {"uv": [0, 0, 1.5, 0.125], "texture": "#4"},
				"east": {"uv": [0, 0, 0.125, 0.125], "texture": "#4"},
				"south": {"uv": [0, 0, 1.5, 0.125], "texture": "#4"},
				"west": {"uv": [0, 0, 0.125, 0.125], "texture": "#4"},
				"up": {"uv": [0, 0, 1.5, 0.125], "texture": "#4"},
				"down": {"uv": [0, 0, 1.5, 0.125], "texture": "#4"}
			}
		},
		{
			"from": [7.25, 3.98189, 2.44016],
			"to": [8.75, 4.10689, 2.56516],
			"rotation": {"angle": 0, "axis": "x", "origin": [8, 4.04439, 2.50266]},
			"faces": {
				"north": {"uv": [0, 0, 1.5, 0.125], "texture": "#4", "rotation": 180},
				"east": {"uv": [0, 0, 0.125, 0.125], "texture": "#4", "rotation": 270},
				"south": {"uv": [0, 0, 1.5, 0.125], "texture": "#4"},
				"west": {"uv": [0, 0, 0.125, 0.125], "texture": "#4", "rotation": 90},
				"up": {"uv": [0, 0, 1.5, 0.125], "texture": "#4", "rotation": 180},
				"down": {"uv": [0, 0, 1.5, 0.125], "texture": "#4"}
			}
		},
		{
			"from": [7.25, 4.03681, 2.30757],
			"to": [8.75, 4.16181, 2.43257],
			"rotation": {"angle": 45, "axis": "x", "origin": [8, 3.97431, 2.30757]},
			"faces": {
				"north": {"uv": [0, 0, 1.5, 0.125], "texture": "#4"},
				"east": {"uv": [0, 0, 0.125, 0.125], "texture": "#4"},
				"south": {"uv": [0, 0, 1.5, 0.125], "texture": "#4"},
				"west": {"uv": [0, 0, 0.125, 0.125], "texture": "#4"},
				"up": {"uv": [0, 0, 1.5, 0.125], "texture": "#4"},
				"down": {"uv": [0, 0, 1.5, 0.125], "texture": "#4"}
			}
		},
		{
			"from": [7.25, 3.79295, 2.23231],
			"to": [8.75, 3.91795, 2.35731],
			"rotation": {"angle": 22.5, "axis": "x", "origin": [8, 3.66795, 2.54481]},
			"faces": {
				"north": {"uv": [0, 0, 1.5, 0.125], "texture": "#4", "rotation": 180},
				"east": {"uv": [0, 0, 0.125, 0.125], "texture": "#4", "rotation": 90},
				"south": {"uv": [0, 0, 1.5, 0.125], "texture": "#4"},
				"west": {"uv": [0, 0, 0.125, 0.125], "texture": "#4", "rotation": 270},
				"up": {"uv": [0, 0, 1.5, 0.125], "texture": "#4"},
				"down": {"uv": [0, 0, 1.5, 0.125], "texture": "#4", "rotation": 180}
			}
		},
		{
			"from": [7.25, 2.55927, 2.30393],
			"to": [8.75, 3.90302, 2.86643],
			"faces": {
				"north": {"uv": [0, 0, 1.5, 1.34375], "texture": "#4"},
				"east": {"uv": [0, 0, 0.5625, 1.34375], "texture": "#4"},
				"south": {"uv": [0, 0, 1.5, 1.34375], "texture": "#4"},
				"west": {"uv": [0, 0, 0.5625, 1.34375], "texture": "#4"},
				"up": {"uv": [0, 0, 1.5, 0.5625], "texture": "#4"},
				"down": {"uv": [0, 0, 1.5, 0.5625], "texture": "#4"}
			}
		},
		{
			"from": [7.6875, 3.875, 2.5625],
			"to": [8.3125, 4.09375, 4.375],
			"faces": {
				"north": {"uv": [0, 0, 0.625, 0.21875], "texture": "#4"},
				"east": {"uv": [0, 0, 1.8125, 0.21875], "texture": "#4"},
				"south": {"uv": [0, 0, 0.625, 0.21875], "texture": "#4"},
				"west": {"uv": [0, 0, 1.8125, 0.21875], "texture": "#4"},
				"up": {"uv": [0, 0, 0.625, 1.8125], "texture": "#4"},
				"down": {"uv": [0, 0, 0.625, 1.8125], "texture": "#4"}
			}
		},
		{
			"from": [8.25, 4.09375, 2.75],
			"to": [8.5, 4.34375, 3],
			"faces": {
				"north": {"uv": [0, 0, 0.25, 0.21875], "texture": "#4"},
				"east": {"uv": [0, 0, 0.25, 0.21875], "texture": "#4"},
				"south": {"uv": [0, 0, 0.25, 0.21875], "texture": "#4"},
				"west": {"uv": [0, 0, 0.25, 0.21875], "texture": "#4"},
				"up": {"uv": [0, 0, 0.25, 0.25], "texture": "#4"},
				"down": {"uv": [0, 0, 0.25, 0.25], "texture": "#4"}
			}
		},
		{
			"from": [7.5, 4.09375, 2.75],
			"to": [7.75, 4.34375, 3],
			"faces": {
				"north": {"uv": [0, 0, 0.25, 0.21875], "texture": "#4"},
				"east": {"uv": [0, 0, 0.25, 0.21875], "texture": "#4"},
				"south": {"uv": [0, 0, 0.25, 0.21875], "texture": "#4"},
				"west": {"uv": [0, 0, 0.25, 0.21875], "texture": "#4"},
				"up": {"uv": [0, 0, 0.25, 0.25], "texture": "#4"},
				"down": {"uv": [0, 0, 0.25, 0.25], "texture": "#4"}
			}
		},
		{
			"from": [8.25, 4.09375, 3.875],
			"to": [8.5, 4.34375, 4.125],
			"faces": {
				"north": {"uv": [0, 0, 0.25, 0.21875], "texture": "#4"},
				"east": {"uv": [0, 0, 0.25, 0.21875], "texture": "#4"},
				"south": {"uv": [0, 0, 0.25, 0.21875], "texture": "#4"},
				"west": {"uv": [0, 0, 0.25, 0.21875], "texture": "#4"},
				"up": {"uv": [0, 0, 0.25, 0.25], "texture": "#4"},
				"down": {"uv": [0, 0, 0.25, 0.25], "texture": "#4"}
			}
		},
		{
			"from": [7.5, 4.09375, 3.875],
			"to": [7.75, 4.34375, 4.125],
			"faces": {
				"north": {"uv": [0, 0, 0.25, 0.21875], "texture": "#4"},
				"east": {"uv": [0, 0, 0.25, 0.21875], "texture": "#4"},
				"south": {"uv": [0, 0, 0.25, 0.21875], "texture": "#4"},
				"west": {"uv": [0, 0, 0.25, 0.21875], "texture": "#4"},
				"up": {"uv": [0, 0, 0.25, 0.25], "texture": "#4"},
				"down": {"uv": [0, 0, 0.25, 0.25], "texture": "#4"}
			}
		},
		{
			"from": [7.75, 4.15625, 2.75],
			"to": [8.25, 4.25, 4.25],
			"faces": {
				"north": {"uv": [0, 0, 0.5, 0.09375], "texture": "#4"},
				"east": {"uv": [0, 0, 1.5, 0.09375], "texture": "#4"},
				"south": {"uv": [0, 0, 0.5, 0.09375], "texture": "#4"},
				"west": {"uv": [0, 0, 1.5, 0.09375], "texture": "#4"},
				"up": {"uv": [0, 0, 0.5, 1.5], "texture": "#4"},
				"down": {"uv": [0, 0, 0.5, 1.5], "texture": "#4"}
			}
		},
		{
			"from": [7.75, 4.25, 4.125],
			"to": [7.9375, 4.3125, 4.25],
			"faces": {
				"north": {"uv": [0, 0, 0.1875, 0.0625], "texture": "#4"},
				"east": {"uv": [0, 0, 0.125, 0.0625], "texture": "#4"},
				"south": {"uv": [0, 0, 0.1875, 0.0625], "texture": "#4"},
				"west": {"uv": [0, 0, 0.125, 0.0625], "texture": "#4"},
				"up": {"uv": [0, 0, 0.1875, 0.125], "texture": "#4"},
				"down": {"uv": [0, 0, 0.1875, 0.125], "texture": "#4"}
			}
		},
		{
			"from": [8.0625, 4.25, 4.125],
			"to": [8.25, 4.3125, 4.25],
			"faces": {
				"north": {"uv": [0, 0, 0.1875, 0.0625], "texture": "#4"},
				"east": {"uv": [0, 0, 0.125, 0.0625], "texture": "#4"},
				"south": {"uv": [0, 0, 0.1875, 0.0625], "texture": "#4"},
				"west": {"uv": [0, 0, 0.125, 0.0625], "texture": "#4"},
				"up": {"uv": [0, 0, 0.1875, 0.125], "texture": "#4"},
				"down": {"uv": [0, 0, 0.1875, 0.125], "texture": "#4"}
			}
		},
		{
			"from": [7.1875, -2.75, 6.5],
			"to": [7.25, 0, 6.75],
			"faces": {
				"north": {"uv": [0, 0, 0.0625, 2.75], "texture": "#6"},
				"east": {"uv": [0, 0, 0.25, 2.75], "texture": "#6"},
				"south": {"uv": [0, 0, 0.0625, 2.75], "texture": "#6"},
				"west": {"uv": [0, 0, 0.25, 2.75], "texture": "#6"},
				"up": {"uv": [0, 0, 0.0625, 0.25], "texture": "#6"},
				"down": {"uv": [0, 0, 0.0625, 0.25], "texture": "#6"}
			}
		},
		{
			"from": [7.1875, -2.75, 7],
			"to": [7.25, 0, 7.25],
			"faces": {
				"north": {"uv": [0, 0, 0.0625, 2.75], "texture": "#6"},
				"east": {"uv": [0, 0, 0.25, 2.75], "texture": "#6"},
				"south": {"uv": [0, 0, 0.0625, 2.75], "texture": "#6"},
				"west": {"uv": [0, 0, 0.25, 2.75], "texture": "#6"},
				"up": {"uv": [0, 0, 0.0625, 0.25], "texture": "#6"},
				"down": {"uv": [0, 0, 0.0625, 0.25], "texture": "#6"}
			}
		},
		{
			"from": [7.1875, -2.75, 7.5],
			"to": [7.25, 0, 7.75],
			"faces": {
				"north": {"uv": [0, 0, 0.0625, 2.75], "texture": "#6"},
				"east": {"uv": [0, 0, 0.25, 2.75], "texture": "#6"},
				"south": {"uv": [0, 0, 0.0625, 2.75], "texture": "#6"},
				"west": {"uv": [0, 0, 0.25, 2.75], "texture": "#6"},
				"up": {"uv": [0, 0, 0.0625, 0.25], "texture": "#6"},
				"down": {"uv": [0, 0, 0.0625, 0.25], "texture": "#6"}
			}
		},
		{
			"from": [7.1875, -4.87875, 5.98333],
			"to": [7.25, -2.5975, 6.23333],
			"rotation": {"angle": 22.5, "axis": "x", "origin": [7.21875, -3.9725, 6.10833]},
			"faces": {
				"north": {"uv": [0, 0, 0.0625, 2.28125], "texture": "#6"},
				"east": {"uv": [0, 0, 0.25, 2.28125], "texture": "#6"},
				"south": {"uv": [0, 0, 0.0625, 2.28125], "texture": "#6"},
				"west": {"uv": [0, 0, 0.25, 2.28125], "texture": "#6"},
				"up": {"uv": [0, 0, 0.0625, 0.25], "texture": "#6"},
				"down": {"uv": [0, 0, 0.0625, 0.25], "texture": "#6"}
			}
		},
		{
			"from": [7.1875, -5.06625, 6.48333],
			"to": [7.25, -2.5975, 6.73333],
			"rotation": {"angle": 22.5, "axis": "x", "origin": [7.28125, -3.9725, 6.60833]},
			"faces": {
				"north": {"uv": [0, 0, 0.0625, 2.46875], "texture": "#6"},
				"east": {"uv": [0, 0, 0.25, 2.46875], "texture": "#6"},
				"south": {"uv": [0, 0, 0.0625, 2.46875], "texture": "#6"},
				"west": {"uv": [0, 0, 0.25, 2.46875], "texture": "#6"},
				"up": {"uv": [0, 0, 0.0625, 0.25], "texture": "#6"},
				"down": {"uv": [0, 0, 0.0625, 0.25], "texture": "#6"}
			}
		},
		{
			"from": [7.1875, -5.25375, 6.98333],
			"to": [7.25, -2.5975, 7.23333],
			"rotation": {"angle": 22.5, "axis": "x", "origin": [7.28125, -3.9725, 7.10833]},
			"faces": {
				"north": {"uv": [0, 0, 0.0625, 2.65625], "texture": "#6"},
				"east": {"uv": [0, 0, 0.25, 2.65625], "texture": "#6"},
				"south": {"uv": [0, 0, 0.0625, 2.65625], "texture": "#6"},
				"west": {"uv": [0, 0, 0.25, 2.65625], "texture": "#6"},
				"up": {"uv": [0, 0, 0.0625, 0.25], "texture": "#6"},
				"down": {"uv": [0, 0, 0.0625, 0.25], "texture": "#6"}
			}
		},
		{
			"from": [7.1875, -6.64773, 4.69134],
			"to": [7.25, -4.36648, 4.94134],
			"rotation": {"angle": 45, "axis": "x", "origin": [7.28125, -5.74148, 4.81634]},
			"faces": {
				"north": {"uv": [0, 0, 0.0625, 2.28125], "texture": "#6"},
				"east": {"uv": [0, 0, 0.25, 2.28125], "texture": "#6"},
				"south": {"uv": [0, 0, 0.0625, 2.28125], "texture": "#6"},
				"west": {"uv": [0, 0, 0.25, 2.28125], "texture": "#6"},
				"up": {"uv": [0, 0, 0.0625, 0.25], "texture": "#6"},
				"down": {"uv": [0, 0, 0.0625, 0.25], "texture": "#6"}
			}
		},
		{
			"from": [7.1875, -7.00846, 5.11959],
			"to": [7.25, -4.53971, 5.36959],
			"rotation": {"angle": 45, "axis": "x", "origin": [7.34375, -5.91471, 5.24459]},
			"faces": {
				"north": {"uv": [0, 0, 0.0625, 2.46875], "texture": "#6"},
				"east": {"uv": [0, 0, 0.25, 2.46875], "texture": "#6"},
				"south": {"uv": [0, 0, 0.0625, 2.46875], "texture": "#6"},
				"west": {"uv": [0, 0, 0.25, 2.46875], "texture": "#6"},
				"up": {"uv": [0, 0, 0.0625, 0.25], "texture": "#6"},
				"down": {"uv": [0, 0, 0.0625, 0.25], "texture": "#6"}
			}
		},
		{
			"from": [7.1875, -7.36919, 5.54784],
			"to": [7.25, -4.71294, 5.79784],
			"rotation": {"angle": 45, "axis": "x", "origin": [7.40625, -6.08794, 5.67284]},
			"faces": {
				"north": {"uv": [0, 0, 0.0625, 2.65625], "texture": "#6"},
				"east": {"uv": [0, 0, 0.25, 2.65625], "texture": "#6"},
				"south": {"uv": [0, 0, 0.0625, 2.65625], "texture": "#6"},
				"west": {"uv": [0, 0, 0.25, 2.65625], "texture": "#6"},
				"up": {"uv": [0, 0, 0.0625, 0.25], "texture": "#6"},
				"down": {"uv": [0, 0, 0.0625, 0.25], "texture": "#6"}
			}
		},
		{
			"from": [8.75, -2.46875, 6.5],
			"to": [8.8125, 0, 6.75],
			"faces": {
				"north": {"uv": [0, 0, 0.0625, 2.46875], "texture": "#6"},
				"east": {"uv": [0, 0, 0.25, 2.46875], "texture": "#6"},
				"south": {"uv": [0, 0, 0.0625, 2.46875], "texture": "#6"},
				"west": {"uv": [0, 0, 0.25, 2.46875], "texture": "#6"},
				"up": {"uv": [0, 0, 0.0625, 0.25], "texture": "#6"},
				"down": {"uv": [0, 0, 0.0625, 0.25], "texture": "#6"}
			}
		},
		{
			"from": [8.75, -2.65625, 7.5],
			"to": [8.8125, 0, 7.75],
			"faces": {
				"north": {"uv": [0, 0, 0.0625, 2.65625], "texture": "#6"},
				"east": {"uv": [0, 0, 0.25, 2.65625], "texture": "#6"},
				"south": {"uv": [0, 0, 0.0625, 2.65625], "texture": "#6"},
				"west": {"uv": [0, 0, 0.25, 2.65625], "texture": "#6"},
				"up": {"uv": [0, 0, 0.0625, 0.25], "texture": "#6"},
				"down": {"uv": [0, 0, 0.0625, 0.25], "texture": "#6"}
			}
		},
		{
			"from": [8.75, -2.5625, 7],
			"to": [8.8125, 0, 7.25],
			"faces": {
				"north": {"uv": [0, 0, 0.0625, 2.5625], "texture": "#6"},
				"east": {"uv": [0, 0, 0.25, 2.5625], "texture": "#6"},
				"south": {"uv": [0, 0, 0.0625, 2.5625], "texture": "#6"},
				"west": {"uv": [0, 0, 0.25, 2.5625], "texture": "#6"},
				"up": {"uv": [0, 0, 0.0625, 0.25], "texture": "#6"},
				"down": {"uv": [0, 0, 0.0625, 0.25], "texture": "#6"}
			}
		},
		{
			"from": [8.75044, -5.25375, 6.98289],
			"to": [8.81294, -2.5975, 7.23289],
			"rotation": {"angle": 22.5, "axis": "x", "origin": [8.71919, -3.9725, 7.35789]},
			"faces": {
				"north": {"uv": [0, 0, 0.0625, 2.65625], "texture": "#6"},
				"east": {"uv": [0, 0, 0.25, 2.65625], "texture": "#6"},
				"south": {"uv": [0, 0, 0.0625, 2.65625], "texture": "#6"},
				"west": {"uv": [0, 0, 0.25, 2.65625], "texture": "#6"},
				"up": {"uv": [0, 0, 0.0625, 0.25], "texture": "#6"},
				"down": {"uv": [0, 0, 0.0625, 0.25], "texture": "#6"}
			}
		},
		{
			"from": [8.75111, -7.65293, 5.26068],
			"to": [8.81361, -4.90293, 5.51068],
			"rotation": {"angle": 45, "axis": "x", "origin": [8.65736, -6.52793, 5.88568]},
			"faces": {
				"north": {"uv": [0, 0, 0.0625, 2.75], "texture": "#6"},
				"east": {"uv": [0, 0, 0.25, 2.75], "texture": "#6"},
				"south": {"uv": [0, 0, 0.0625, 2.75], "texture": "#6"},
				"west": {"uv": [0, 0, 0.25, 2.75], "texture": "#6"},
				"up": {"uv": [0, 0, 0.0625, 0.25], "texture": "#6"},
				"down": {"uv": [0, 0, 0.0625, 0.25], "texture": "#6"}
			}
		},
		{
			"from": [8.75111, -7.65293, 4.76068],
			"to": [8.81361, -4.99668, 5.01068],
			"rotation": {"angle": 45, "axis": "x", "origin": [8.65736, -6.52793, 5.88568]},
			"faces": {
				"north": {"uv": [0, 0, 0.0625, 2.75], "texture": "#6"},
				"east": {"uv": [0, 0, 0.25, 2.75], "texture": "#6"},
				"south": {"uv": [0, 0, 0.0625, 2.75], "texture": "#6"},
				"west": {"uv": [0, 0, 0.25, 2.75], "texture": "#6"},
				"up": {"uv": [0, 0, 0.0625, 0.25], "texture": "#6"},
				"down": {"uv": [0, 0, 0.0625, 0.25], "texture": "#6"}
			}
		},
		{
			"from": [8.75111, -7.65293, 4.26068],
			"to": [8.81361, -5.09043, 4.51068],
			"rotation": {"angle": 45, "axis": "x", "origin": [8.65736, -6.52793, 5.88568]},
			"faces": {
				"north": {"uv": [0, 0, 0.0625, 2.75], "texture": "#6"},
				"east": {"uv": [0, 0, 0.25, 2.75], "texture": "#6"},
				"south": {"uv": [0, 0, 0.0625, 2.75], "texture": "#6"},
				"west": {"uv": [0, 0, 0.25, 2.75], "texture": "#6"},
				"up": {"uv": [0, 0, 0.0625, 0.25], "texture": "#6"},
				"down": {"uv": [0, 0, 0.0625, 0.25], "texture": "#6"}
			}
		},
		{
			"from": [8.75044, -5.16, 6.48289],
			"to": [8.81294, -2.69125, 6.73289],
			"rotation": {"angle": 22.5, "axis": "x", "origin": [8.71919, -3.9725, 7.35789]},
			"faces": {
				"north": {"uv": [0, 0, 0.0625, 2.5625], "texture": "#6"},
				"east": {"uv": [0, 0, 0.25, 2.5625], "texture": "#6"},
				"south": {"uv": [0, 0, 0.0625, 2.5625], "texture": "#6"},
				"west": {"uv": [0, 0, 0.25, 2.5625], "texture": "#6"},
				"up": {"uv": [0, 0, 0.0625, 0.25], "texture": "#6"},
				"down": {"uv": [0, 0, 0.0625, 0.25], "texture": "#6"}
			}
		},
		{
			"from": [8.75044, -5.035, 5.98289],
			"to": [8.81294, -2.785, 6.23289],
			"rotation": {"angle": 22.5, "axis": "x", "origin": [8.71919, -3.9725, 7.35789]},
			"faces": {
				"north": {"uv": [0, 0, 0.0625, 2.4375], "texture": "#6"},
				"east": {"uv": [0, 0, 0.25, 2.4375], "texture": "#6"},
				"south": {"uv": [0, 0, 0.0625, 2.4375], "texture": "#6"},
				"west": {"uv": [0, 0, 0.25, 2.4375], "texture": "#6"},
				"up": {"uv": [0, 0, 0.0625, 0.25], "texture": "#6"},
				"down": {"uv": [0, 0, 0.0625, 0.25], "texture": "#6"}
			}
		},
		{
			"from": [7.4375, 2.71552, 2.17893],
			"to": [8.5625, 3.84052, 2.30393],
			"faces": {
				"north": {"uv": [0, 0, 1.125, 1.125], "texture": "#4"},
				"east": {"uv": [0, 0, 0.125, 1.125], "texture": "#4"},
				"south": {"uv": [0, 0, 1.125, 1.125], "texture": "#4"},
				"west": {"uv": [0, 0, 0.125, 1.125], "texture": "#4"},
				"up": {"uv": [0, 0, 1.125, 0.125], "texture": "#4"},
				"down": {"uv": [0, 0, 1.125, 0.125], "texture": "#4"}
			}
		},
		{
			"name": "hexadecagon",
			"from": [7.7265, 3.1875, -3.375],
			"to": [8.2735, 4.09375, 2.1875],
			"rotation": {"angle": -45, "axis": "z", "origin": [8, 2.71875, 1.9375]},
			"faces": {
				"north": {"uv": [0, 0, 2.188, 3.625], "texture": "#0"},
				"east": {"uv": [0, 0, 16, 3.625], "texture": "#0"},
				"south": {"uv": [0, 0, 2.188, 3.625], "texture": "#0"},
				"west": {"uv": [0, 0, 16, 3.625], "texture": "#0"},
				"up": {"uv": [0, 0, 2.188, 16], "texture": "#0"},
				"down": {"uv": [0, 0, 2.188, 16], "texture": "#0"}
			}
		},
		{
			"name": "hexadecagon",
			"from": [7.7265, 3.0625, -3.375],
			"to": [8.2735, 4.09375, 2.1875],
			"rotation": {"angle": -22.5, "axis": "z", "origin": [8, 2.71875, 1.9375]},
			"faces": {
				"north": {"uv": [0, 0, 2.188, 4.125], "texture": "#0"},
				"east": {"uv": [0, 0, 16, 4.125], "texture": "#0"},
				"south": {"uv": [0, 0, 2.188, 4.125], "texture": "#0"},
				"west": {"uv": [0, 0, 16, 4.125], "texture": "#0"},
				"up": {"uv": [0, 0, 2.188, 16], "texture": "#0"},
				"down": {"uv": [0, 0, 2.188, 16], "texture": "#0"}
			}
		},
		{
			"name": "hexadecagon",
			"from": [7.7265, 2.96875, -3.375],
			"to": [8.2735, 4.09375, 2.1875],
			"rotation": {"angle": 0, "axis": "z", "origin": [8, 2.71875, 1.9375]},
			"faces": {
				"north": {"uv": [0, 0, 2.188, 4.5], "texture": "#0"},
				"east": {"uv": [0, 0, 16, 4.5], "texture": "#0"},
				"south": {"uv": [0, 0, 2.188, 4.5], "texture": "#0"},
				"west": {"uv": [0, 0, 16, 4.5], "texture": "#0"},
				"up": {"uv": [0, 0, 2.188, 16], "texture": "#0"},
				"down": {"uv": [0, 0, 2.188, 16], "texture": "#0"}
			}
		},
		{
			"name": "hexadecagon",
			"from": [7.7265, 3.03125, -3.375],
			"to": [8.2735, 4.09375, 2.1875],
			"rotation": {"angle": 22.5, "axis": "z", "origin": [8, 2.71875, 1.9375]},
			"faces": {
				"north": {"uv": [0, 0, 2.188, 4.25], "texture": "#0"},
				"east": {"uv": [0, 0, 16, 4.25], "texture": "#0"},
				"south": {"uv": [0, 0, 2.188, 4.25], "texture": "#0"},
				"west": {"uv": [0, 0, 16, 4.25], "texture": "#0"},
				"up": {"uv": [0, 0, 2.188, 16], "texture": "#0"},
				"down": {"uv": [0, 0, 2.188, 16], "texture": "#0"}
			}
		},
		{
			"name": "hexadecagon",
			"from": [7.7265, 3.1875, -3.375],
			"to": [8.2735, 4.09375, 2.1875],
			"rotation": {"angle": 45, "axis": "z", "origin": [8, 2.71875, 1.9375]},
			"faces": {
				"north": {"uv": [0, 0, 2.188, 3.625], "texture": "#0"},
				"east": {"uv": [0, 0, 16, 3.625], "texture": "#0"},
				"south": {"uv": [0, 0, 2.188, 3.625], "texture": "#0"},
				"west": {"uv": [0, 0, 16, 3.625], "texture": "#0"},
				"up": {"uv": [0, 0, 2.188, 16], "texture": "#0"},
				"down": {"uv": [0, 0, 2.188, 16], "texture": "#0"}
			}
		},
		{
			"name": "hexadecagon",
			"from": [6.625, 2.44525, -3.375],
			"to": [7.125, 2.99225, 2.1875],
			"rotation": {"angle": -22.5, "axis": "z", "origin": [8, 2.71875, 1.9375]},
			"faces": {
				"north": {"uv": [0, 0, 2, 2.188], "texture": "#0"},
				"east": {"uv": [0, 0, 16, 2.188], "texture": "#0"},
				"south": {"uv": [0, 0, 2, 2.188], "texture": "#0"},
				"west": {"uv": [0, 0, 16, 2.188], "texture": "#0"},
				"up": {"uv": [0, 0, 2, 16], "texture": "#0"},
				"down": {"uv": [0, 0, 2, 16], "texture": "#0"}
			}
		},
		{
			"name": "hexadecagon",
			"from": [6.625, 2.57025, 1.875],
			"to": [9.375, 2.99225, 2.1875],
			"rotation": {"angle": 0, "axis": "z", "origin": [8, 2.71875, 1.9375]},
			"faces": {
				"north": {"uv": [0, 0, 11, 1.688], "texture": "#0"},
				"east": {"uv": [0, 0, 1.25, 1.688], "texture": "#0"},
				"south": {"uv": [0, 0, 11, 1.688], "texture": "#0"},
				"west": {"uv": [0, 0, 1.25, 1.688], "texture": "#0"},
				"up": {"uv": [0, 0, 11, 1.25], "texture": "#0"},
				"down": {"uv": [0, 0, 11, 1.25], "texture": "#0"}
			}
		},
		{
			"name": "hexadecagon",
			"from": [8.875, 2.44525, -3.375],
			"to": [9.375, 2.99225, 2.1875],
			"rotation": {"angle": 22.5, "axis": "z", "origin": [8, 2.71875, 1.9375]},
			"faces": {
				"north": {"uv": [0, 0, 2, 2.188], "texture": "#0"},
				"east": {"uv": [0, 0, 16, 2.188], "texture": "#0"},
				"south": {"uv": [0, 0, 2, 2.188], "texture": "#0"},
				"west": {"uv": [0, 0, 16, 2.188], "texture": "#0"},
				"up": {"uv": [0, 0, 2, 16], "texture": "#0"},
				"down": {"uv": [0, 0, 2, 16], "texture": "#0"}
			}
		},
		{
			"name": "hexadecagon",
			"from": [6.625, 2.789, 0.125],
			"to": [9.375, 2.99225, 1.875],
			"rotation": {"angle": 0, "axis": "z", "origin": [8, 2.71875, 1.9375]},
			"faces": {
				"north": {"uv": [0, 0, 11, 0.813], "texture": "#0"},
				"east": {"uv": [0, 0, 7, 0.813], "texture": "#0"},
				"south": {"uv": [0, 0, 11, 0.813], "texture": "#0"},
				"west": {"uv": [0, 0, 7, 0.813], "texture": "#0"},
				"up": {"uv": [0, 0, 11, 7], "texture": "#0"},
				"down": {"uv": [0, 0, 11, 7], "texture": "#0"}
			}
		},
		{
			"name": "hexadecagon",
			"from": [6.625, 2.289, -0.875],
			"to": [9.375, 2.99225, 0.125],
			"rotation": {"angle": 0, "axis": "z", "origin": [8, 2.71875, 1.5]},
			"faces": {
				"north": {"uv": [0, 0, 11, 2.813], "texture": "#0"},
				"east": {"uv": [0, 0, 4, 2.813], "texture": "#0"},
				"south": {"uv": [0, 0, 11, 2.813], "texture": "#0"},
				"west": {"uv": [0, 0, 4, 2.813], "texture": "#0"},
				"up": {"uv": [0, 0, 11, 4], "texture": "#0"},
				"down": {"uv": [0, 0, 11, 4], "texture": "#0"}
			}
		},
		{
			"name": "hexadecagon",
			"from": [6.625, 2.789, -2.625],
			"to": [9.375, 2.99225, -0.875],
			"rotation": {"angle": 0, "axis": "z", "origin": [8, 3.21875, 2.1875]},
			"faces": {
				"north": {"uv": [0, 0, 11, 0.813], "texture": "#0"},
				"east": {"uv": [0, 0, 7, 0.813], "texture": "#0"},
				"south": {"uv": [0, 0, 11, 0.813], "texture": "#0"},
				"west": {"uv": [0, 0, 7, 0.813], "texture": "#0"},
				"up": {"uv": [0, 0, 11, 7], "texture": "#0"},
				"down": {"uv": [0, 0, 11, 7], "texture": "#0"}
			}
		},
		{
			"name": "hexadecagon",
			"from": [6.875, 2.9765, -3.375],
			"to": [9.125, 3.17975, -1.625],
			"rotation": {"angle": 0, "axis": "z", "origin": [8, 3.40625, 3.1875]},
			"faces": {
				"north": {"uv": [0, 0, 9, 0.813], "texture": "#0"},
				"east": {"uv": [0, 0, 7, 0.813], "texture": "#0"},
				"south": {"uv": [0, 0, 9, 0.813], "texture": "#0"},
				"west": {"uv": [0, 0, 7, 0.813], "texture": "#0"},
				"up": {"uv": [0, 0, 9, 7], "texture": "#0"},
				"down": {"uv": [0, 0, 9, 7], "texture": "#0"}
			}
		},
		{
			"name": "hexadecagon",
			"from": [6.625, 2.2265, -3.375],
			"to": [9.375, 2.99225, -2.625],
			"rotation": {"angle": 0, "axis": "z", "origin": [5.25, 2.71875, -2.875]},
			"faces": {
				"north": {"uv": [0, 0, 11, 3.063], "texture": "#0"},
				"east": {"uv": [0, 0, 3, 3.063], "texture": "#0"},
				"south": {"uv": [0, 0, 11, 3.063], "texture": "#0"},
				"west": {"uv": [0, 0, 3, 3.063], "texture": "#0"},
				"up": {"uv": [0, 0, 11, 3], "texture": "#0"},
				"down": {"uv": [0, 0, 11, 3], "texture": "#0"}
			}
		},
		{
			"name": "hexadecagon",
			"from": [6.875, 2.99225, 1.875],
			"to": [9.125, 3.41425, 2.1875],
			"rotation": {"angle": 0, "axis": "z", "origin": [8, 2.71875, 1.9375]},
			"faces": {
				"north": {"uv": [0, 0, 9, 1.688], "texture": "#0"},
				"east": {"uv": [0, 0, 1.25, 1.688], "texture": "#0"},
				"south": {"uv": [0, 0, 9, 1.688], "texture": "#0"},
				"west": {"uv": [0, 0, 1.25, 1.688], "texture": "#0"},
				"up": {"uv": [0, 0, 9, 1.25], "texture": "#0"},
				"down": {"uv": [0, 0, 9, 1.25], "texture": "#0"}
			}
		},
		{
			"from": [6.625, 2.375, 1.875],
			"to": [9.375, 2.625, 2.625],
			"faces": {
				"north": {"uv": [0, 0, 2.5, 2.75], "texture": "#0"},
				"east": {"uv": [0, 0, 3.75, 2.75], "texture": "#0"},
				"south": {"uv": [0, 0, 2.5, 2.75], "texture": "#0"},
				"west": {"uv": [0, 0, 3.75, 2.75], "texture": "#0"},
				"up": {"uv": [0, 0, 2.5, 3.75], "texture": "#0"},
				"down": {"uv": [0, 0, 2.5, 3.75], "texture": "#0"}
			}
		},
		{
			"from": [6.875, 0.34375, -3.625],
			"to": [9.125, 2.59375, -3.375],
			"faces": {
				"north": {"uv": [0, 0, 2.5, 2.75], "texture": "#4"},
				"east": {"uv": [0, 0, 3.75, 2.75], "texture": "#4"},
				"south": {"uv": [0, 0, 2.5, 2.75], "texture": "#4"},
				"west": {"uv": [0, 0, 3.75, 2.75], "texture": "#4"},
				"up": {"uv": [0, 0, 2.5, 3.75], "texture": "#4"},
				"down": {"uv": [0, 0, 2.5, 3.75], "texture": "#4"}
			}
		},
		{
			"name": "hexadecagon",
			"from": [7.77622, 1.5, -3.625],
			"to": [8.22378, 3.75, -2.875],
			"rotation": {"angle": -45, "axis": "z", "origin": [8, 2.625, -3.125]},
			"faces": {
				"north": {"uv": [0, 0, 1.79021, 9], "texture": "#4"},
				"east": {"uv": [0, 0, 3, 9], "texture": "#4"},
				"south": {"uv": [0, 0, 1.79021, 9], "texture": "#4"},
				"west": {"uv": [0, 0, 3, 9], "texture": "#4"},
				"up": {"uv": [0, 0, 1.79021, 3], "texture": "#4"},
				"down": {"uv": [0, 0, 1.79021, 3], "texture": "#4"}
			}
		},
		{
			"name": "hexadecagon",
			"from": [7.77622, 1.5, -3.625],
			"to": [8.22378, 3.75, -2.875],
			"rotation": {"angle": -22.5, "axis": "z", "origin": [8, 2.625, -3.125]},
			"faces": {
				"north": {"uv": [0, 0, 1.79021, 9], "texture": "#4"},
				"east": {"uv": [0, 0, 3, 9], "texture": "#4"},
				"south": {"uv": [0, 0, 1.79021, 9], "texture": "#4"},
				"west": {"uv": [0, 0, 3, 9], "texture": "#4"},
				"up": {"uv": [0, 0, 1.79021, 3], "texture": "#4"},
				"down": {"uv": [0, 0, 1.79021, 3], "texture": "#4"}
			}
		},
		{
			"name": "hexadecagon",
			"from": [7.77622, 1.5, -3.625],
			"to": [8.22378, 3.75, -2.875],
			"rotation": {"angle": 0, "axis": "z", "origin": [8, 2.625, -3.125]},
			"faces": {
				"north": {"uv": [0, 0, 1.79021, 9], "texture": "#4"},
				"east": {"uv": [0, 0, 3, 9], "texture": "#4"},
				"south": {"uv": [0, 0, 1.79021, 9], "texture": "#4"},
				"west": {"uv": [0, 0, 3, 9], "texture": "#4"},
				"up": {"uv": [0, 0, 1.79021, 3], "texture": "#4"},
				"down": {"uv": [0, 0, 1.79021, 3], "texture": "#4"}
			}
		},
		{
			"name": "hexadecagon",
			"from": [7.77622, 1.5, -3.625],
			"to": [8.22378, 3.75, -2.875],
			"rotation": {"angle": 22.5, "axis": "z", "origin": [8, 2.625, -3.125]},
			"faces": {
				"north": {"uv": [0, 0, 1.79021, 9], "texture": "#4"},
				"east": {"uv": [0, 0, 3, 9], "texture": "#4"},
				"south": {"uv": [0, 0, 1.79021, 9], "texture": "#4"},
				"west": {"uv": [0, 0, 3, 9], "texture": "#4"},
				"up": {"uv": [0, 0, 1.79021, 3], "texture": "#4"},
				"down": {"uv": [0, 0, 1.79021, 3], "texture": "#4"}
			}
		},
		{
			"name": "hexadecagon",
			"from": [7.77622, 1.5, -3.625],
			"to": [8.22378, 3.75, -2.875],
			"rotation": {"angle": 45, "axis": "z", "origin": [8, 2.625, -3.125]},
			"faces": {
				"north": {"uv": [0, 0, 1.79021, 9], "texture": "#4"},
				"east": {"uv": [0, 0, 3, 9], "texture": "#4"},
				"south": {"uv": [0, 0, 1.79021, 9], "texture": "#4"},
				"west": {"uv": [0, 0, 3, 9], "texture": "#4"},
				"up": {"uv": [0, 0, 1.79021, 3], "texture": "#4"},
				"down": {"uv": [0, 0, 1.79021, 3], "texture": "#4"}
			}
		},
		{
			"name": "hexadecagon",
			"from": [6.875, 2.40122, -3.625],
			"to": [9.125, 2.84878, -2.875],
			"rotation": {"angle": -22.5, "axis": "z", "origin": [8, 2.625, -3.125]},
			"faces": {
				"north": {"uv": [0, 0, 9, 1.79021], "texture": "#4"},
				"east": {"uv": [0, 0, 3, 1.79021], "texture": "#4"},
				"south": {"uv": [0, 0, 9, 1.79021], "texture": "#4"},
				"west": {"uv": [0, 0, 3, 1.79021], "texture": "#4"},
				"up": {"uv": [0, 0, 9, 3], "texture": "#4"},
				"down": {"uv": [0, 0, 9, 3], "texture": "#4"}
			}
		},
		{
			"name": "hexadecagon",
			"from": [6.875, 2.40122, -3.625],
			"to": [9.125, 2.84878, -2.875],
			"rotation": {"angle": 0, "axis": "z", "origin": [8, 2.625, -3.125]},
			"faces": {
				"north": {"uv": [0, 0, 9, 1.79021], "texture": "#4"},
				"east": {"uv": [0, 0, 3, 1.79021], "texture": "#4"},
				"south": {"uv": [0, 0, 9, 1.79021], "texture": "#4"},
				"west": {"uv": [0, 0, 3, 1.79021], "texture": "#4"},
				"up": {"uv": [0, 0, 9, 3], "texture": "#4"},
				"down": {"uv": [0, 0, 9, 3], "texture": "#4"}
			}
		},
		{
			"name": "hexadecagon",
			"from": [6.875, 2.40122, -3.625],
			"to": [9.125, 2.84878, -2.875],
			"rotation": {"angle": 22.5, "axis": "z", "origin": [8, 2.625, -3.125]},
			"faces": {
				"north": {"uv": [0, 0, 9, 1.79021], "texture": "#4"},
				"east": {"uv": [0, 0, 3, 1.79021], "texture": "#4"},
				"south": {"uv": [0, 0, 9, 1.79021], "texture": "#4"},
				"west": {"uv": [0, 0, 3, 1.79021], "texture": "#4"},
				"up": {"uv": [0, 0, 9, 3], "texture": "#4"},
				"down": {"uv": [0, 0, 9, 3], "texture": "#4"}
			}
		},
		{
			"name": "hexadecagon",
			"from": [7.90054, 2.25, -7],
			"to": [8.09946, 3.25, -3.5],
			"rotation": {"angle": -45, "axis": "z", "origin": [8, 2.75, -4]},
			"faces": {
				"north": {"uv": [0, 0, 0.79565, 4], "texture": "#4"},
				"east": {"uv": [0, 0, 14, 4], "texture": "#4"},
				"south": {"uv": [0, 0, 0.79565, 4], "texture": "#4"},
				"west": {"uv": [0, 0, 14, 4], "texture": "#4"},
				"up": {"uv": [0, 0, 0.79565, 14], "texture": "#4"},
				"down": {"uv": [0, 0, 0.79565, 14], "texture": "#4"}
			}
		},
		{
			"name": "hexadecagon",
			"from": [7.90054, 2.25, -7],
			"to": [8.09946, 3.25, -3.5],
			"rotation": {"angle": -22.5, "axis": "z", "origin": [8, 2.75, -4]},
			"faces": {
				"north": {"uv": [0, 0, 0.79565, 4], "texture": "#4"},
				"east": {"uv": [0, 0, 14, 4], "texture": "#4"},
				"south": {"uv": [0, 0, 0.79565, 4], "texture": "#4"},
				"west": {"uv": [0, 0, 14, 4], "texture": "#4"},
				"up": {"uv": [0, 0, 0.79565, 14], "texture": "#4"},
				"down": {"uv": [0, 0, 0.79565, 14], "texture": "#4"}
			}
		},
		{
			"name": "hexadecagon",
			"from": [7.90054, 2.25, -7],
			"to": [8.09946, 3.25, -3.5],
			"rotation": {"angle": 0, "axis": "z", "origin": [8, 2.75, -4]},
			"faces": {
				"north": {"uv": [0, 0, 0.79565, 4], "texture": "#4"},
				"east": {"uv": [0, 0, 14, 4], "texture": "#4"},
				"south": {"uv": [0, 0, 0.79565, 4], "texture": "#4"},
				"west": {"uv": [0, 0, 14, 4], "texture": "#4"},
				"up": {"uv": [0, 0, 0.79565, 14], "texture": "#4"},
				"down": {"uv": [0, 0, 0.79565, 14], "texture": "#4"}
			}
		},
		{
			"name": "hexadecagon",
			"from": [7.90054, 2.25, -7],
			"to": [8.09946, 3.25, -3.5],
			"rotation": {"angle": 22.5, "axis": "z", "origin": [8, 2.75, -4]},
			"faces": {
				"north": {"uv": [0, 0, 0.79565, 4], "texture": "#4"},
				"east": {"uv": [0, 0, 14, 4], "texture": "#4"},
				"south": {"uv": [0, 0, 0.79565, 4], "texture": "#4"},
				"west": {"uv": [0, 0, 14, 4], "texture": "#4"},
				"up": {"uv": [0, 0, 0.79565, 14], "texture": "#4"},
				"down": {"uv": [0, 0, 0.79565, 14], "texture": "#4"}
			}
		},
		{
			"name": "hexadecagon",
			"from": [7.90054, 2.25, -7],
			"to": [8.09946, 3.25, -3.5],
			"rotation": {"angle": 45, "axis": "z", "origin": [8, 2.75, -4]},
			"faces": {
				"north": {"uv": [0, 0, 0.79565, 4], "texture": "#4"},
				"east": {"uv": [0, 0, 14, 4], "texture": "#4"},
				"south": {"uv": [0, 0, 0.79565, 4], "texture": "#4"},
				"west": {"uv": [0, 0, 14, 4], "texture": "#4"},
				"up": {"uv": [0, 0, 0.79565, 14], "texture": "#4"},
				"down": {"uv": [0, 0, 0.79565, 14], "texture": "#4"}
			}
		},
		{
			"name": "hexadecagon",
			"from": [7.5, 2.65054, -7],
			"to": [8.5, 2.84946, -3.5],
			"rotation": {"angle": -22.5, "axis": "z", "origin": [8, 2.75, -4]},
			"faces": {
				"north": {"uv": [0, 0, 4, 0.79565], "texture": "#4"},
				"east": {"uv": [0, 0, 14, 0.79565], "texture": "#4"},
				"south": {"uv": [0, 0, 4, 0.79565], "texture": "#4"},
				"west": {"uv": [0, 0, 14, 0.79565], "texture": "#4"},
				"up": {"uv": [0, 0, 4, 14], "texture": "#4"},
				"down": {"uv": [0, 0, 4, 14], "texture": "#4"}
			}
		},
		{
			"name": "hexadecagon",
			"from": [7.5, 2.65054, -7],
			"to": [8.5, 2.84946, -3.5],
			"rotation": {"angle": 0, "axis": "z", "origin": [8, 2.75, -4]},
			"faces": {
				"north": {"uv": [0, 0, 4, 0.79565], "texture": "#4"},
				"east": {"uv": [0, 0, 14, 0.79565], "texture": "#4"},
				"south": {"uv": [0, 0, 4, 0.79565], "texture": "#4"},
				"west": {"uv": [0, 0, 14, 0.79565], "texture": "#4"},
				"up": {"uv": [0, 0, 4, 14], "texture": "#4"},
				"down": {"uv": [0, 0, 4, 14], "texture": "#4"}
			}
		},
		{
			"name": "hexadecagon",
			"from": [7.5, 2.65054, -7],
			"to": [8.5, 2.84946, -3.5],
			"rotation": {"angle": 22.5, "axis": "z", "origin": [8, 2.75, -4]},
			"faces": {
				"north": {"uv": [0, 0, 4, 0.79565], "texture": "#4"},
				"east": {"uv": [0, 0, 14, 0.79565], "texture": "#4"},
				"south": {"uv": [0, 0, 4, 0.79565], "texture": "#4"},
				"west": {"uv": [0, 0, 14, 0.79565], "texture": "#4"},
				"up": {"uv": [0, 0, 4, 14], "texture": "#4"},
				"down": {"uv": [0, 0, 4, 14], "texture": "#4"}
			}
		},
		{
			"name": "hexadecagon",
			"from": [7.90054, 0.75, -11.59375],
			"to": [8.09946, 1.75, -3.625],
			"rotation": {"angle": -45, "axis": "z", "origin": [8, 1.25, -4.125]},
			"faces": {
				"north": {"uv": [0, 0, 0.79568, 4], "texture": "#4"},
				"east": {"uv": [0, 0, 16, 4], "texture": "#4"},
				"south": {"uv": [0, 0, 0.79568, 4], "texture": "#4"},
				"west": {"uv": [0, 0, 16, 4], "texture": "#4"},
				"up": {"uv": [0, 0, 0.79568, 16], "texture": "#4"},
				"down": {"uv": [0, 0, 0.79568, 16], "texture": "#4"}
			}
		},
		{
			"name": "hexadecagon",
			"from": [7.90054, 0.75, -11.59375],
			"to": [8.09946, 1.75, -3.625],
			"rotation": {"angle": -22.5, "axis": "z", "origin": [8, 1.25, -4.125]},
			"faces": {
				"north": {"uv": [0, 0, 0.79568, 4], "texture": "#4"},
				"east": {"uv": [0, 0, 16, 4], "texture": "#4"},
				"south": {"uv": [0, 0, 0.79568, 4], "texture": "#4"},
				"west": {"uv": [0, 0, 16, 4], "texture": "#4"},
				"up": {"uv": [0, 0, 0.79568, 16], "texture": "#4"},
				"down": {"uv": [0, 0, 0.79568, 16], "texture": "#4"}
			}
		},
		{
			"name": "hexadecagon",
			"from": [7.90054, 0.75, -11.59375],
			"to": [8.09946, 1.75, -3.625],
			"rotation": {"angle": 0, "axis": "z", "origin": [8, 1.25, -4.125]},
			"faces": {
				"north": {"uv": [0, 0, 0.79568, 4], "texture": "#4"},
				"east": {"uv": [0, 0, 16, 4], "texture": "#4"},
				"south": {"uv": [0, 0, 0.79568, 4], "texture": "#4"},
				"west": {"uv": [0, 0, 16, 4], "texture": "#4"},
				"up": {"uv": [0, 0, 0.79568, 16], "texture": "#4"},
				"down": {"uv": [0, 0, 0.79568, 16], "texture": "#4"}
			}
		},
		{
			"name": "hexadecagon",
			"from": [7.90054, 0.75, -11.59375],
			"to": [8.09946, 1.75, -3.625],
			"rotation": {"angle": 22.5, "axis": "z", "origin": [8, 1.25, -4.125]},
			"faces": {
				"north": {"uv": [0, 0, 0.79568, 4], "texture": "#4"},
				"east": {"uv": [0, 0, 16, 4], "texture": "#4"},
				"south": {"uv": [0, 0, 0.79568, 4], "texture": "#4"},
				"west": {"uv": [0, 0, 16, 4], "texture": "#4"},
				"up": {"uv": [0, 0, 0.79568, 16], "texture": "#4"},
				"down": {"uv": [0, 0, 0.79568, 16], "texture": "#4"}
			}
		},
		{
			"name": "hexadecagon",
			"from": [7.90054, 0.75, -11.59375],
			"to": [8.09946, 1.75, -3.625],
			"rotation": {"angle": 45, "axis": "z", "origin": [8, 1.25, -4.125]},
			"faces": {
				"north": {"uv": [0, 0, 0.79568, 4], "texture": "#4"},
				"east": {"uv": [0, 0, 16, 4], "texture": "#4"},
				"south": {"uv": [0, 0, 0.79568, 4], "texture": "#4"},
				"west": {"uv": [0, 0, 16, 4], "texture": "#4"},
				"up": {"uv": [0, 0, 0.79568, 16], "texture": "#4"},
				"down": {"uv": [0, 0, 0.79568, 16], "texture": "#4"}
			}
		},
		{
			"name": "hexadecagon",
			"from": [7.5, 1.15054, -11.59375],
			"to": [8.5, 1.34946, -3.625],
			"rotation": {"angle": -22.5, "axis": "z", "origin": [8, 1.25, -4.125]},
			"faces": {
				"north": {"uv": [0, 0, 4, 0.79568], "texture": "#4"},
				"east": {"uv": [0, 0, 16, 0.79568], "texture": "#4"},
				"south": {"uv": [0, 0, 4, 0.79568], "texture": "#4"},
				"west": {"uv": [0, 0, 16, 0.79568], "texture": "#4"},
				"up": {"uv": [0, 0, 4, 16], "texture": "#4"},
				"down": {"uv": [0, 0, 4, 16], "texture": "#4"}
			}
		},
		{
			"name": "hexadecagon",
			"from": [7.5, 1.15054, -11.59375],
			"to": [8.5, 1.34946, -3.625],
			"rotation": {"angle": 0, "axis": "z", "origin": [8, 1.25, -4.125]},
			"faces": {
				"north": {"uv": [0, 0, 4, 0.79568], "texture": "#4"},
				"east": {"uv": [0, 0, 16, 0.79568], "texture": "#4"},
				"south": {"uv": [0, 0, 4, 0.79568], "texture": "#4"},
				"west": {"uv": [0, 0, 16, 0.79568], "texture": "#4"},
				"up": {"uv": [0, 0, 4, 16], "texture": "#4"},
				"down": {"uv": [0, 0, 4, 16], "texture": "#4"}
			}
		},
		{
			"name": "hexadecagon",
			"from": [7.5, 1.15054, -11.59375],
			"to": [8.5, 1.34946, -3.625],
			"rotation": {"angle": 22.5, "axis": "z", "origin": [8, 1.25, -4.125]},
			"faces": {
				"north": {"uv": [0, 0, 4, 0.79568], "texture": "#4"},
				"east": {"uv": [0, 0, 16, 0.79568], "texture": "#4"},
				"south": {"uv": [0, 0, 4, 0.79568], "texture": "#4"},
				"west": {"uv": [0, 0, 16, 0.79568], "texture": "#4"},
				"up": {"uv": [0, 0, 4, 16], "texture": "#4"},
				"down": {"uv": [0, 0, 4, 16], "texture": "#4"}
			}
		},
		{
			"from": [7.5, 1.25, -7],
			"to": [8.5, 2.75, -5.5],
			"rotation": {"angle": 0, "axis": "y", "origin": [8, 2.5, -6.875]},
			"faces": {
				"north": {"uv": [0, 0, 4, 6], "texture": "#4"},
				"east": {"uv": [0, 0, 6, 6], "texture": "#4"},
				"south": {"uv": [0, 0, 4, 6], "texture": "#4"},
				"west": {"uv": [0, 0, 6, 6], "texture": "#4"},
				"up": {"uv": [0, 0, 4, 6], "texture": "#4"},
				"down": {"uv": [0, 0, 4, 6], "texture": "#4"}
			}
		},
		{
			"from": [7.49973, 1.56702, -7.08604],
			"to": [8.49973, 2.31702, -6.83604],
			"rotation": {"angle": 22.5, "axis": "x", "origin": [7.99973, 2.06702, -6.96104]},
			"faces": {
				"north": {"uv": [0, 0, 4, 3], "texture": "#4"},
				"east": {"uv": [0, 0, 1, 3], "texture": "#4"},
				"south": {"uv": [0, 0, 4, 3], "texture": "#4"},
				"west": {"uv": [0, 0, 1, 3], "texture": "#4"},
				"up": {"uv": [0, 0, 4, 1], "texture": "#4"},
				"down": {"uv": [0, 0, 4, 1], "texture": "#4"}
			}
		},
		{
			"from": [7.49994, 1.13192, -7.46636],
			"to": [8.49994, 2.00692, -7.21636],
			"rotation": {"angle": 45, "axis": "x", "origin": [7.99994, 1.56942, -7.34136]},
			"faces": {
				"north": {"uv": [0, 0, 4, 3.5], "texture": "#4"},
				"east": {"uv": [0, 0, 1, 3.5], "texture": "#4"},
				"south": {"uv": [0, 0, 4, 3.5], "texture": "#4"},
				"west": {"uv": [0, 0, 1, 3.5], "texture": "#4"},
				"up": {"uv": [0, 0, 4, 1], "texture": "#4"},
				"down": {"uv": [0, 0, 4, 1], "texture": "#4"}
			}
		},
		{
			"from": [7.74973, 1.56702, -11.58604],
			"to": [8.24973, 4.31702, -11.33604],
			"rotation": {"angle": 0, "axis": "x", "origin": [7.99973, 2.06702, -11.46104]},
			"faces": {
				"north": {"uv": [0, 0, 2, 11], "texture": "#4"},
				"east": {"uv": [0, 0, 1, 11], "texture": "#4"},
				"south": {"uv": [0, 0, 2, 11], "texture": "#4"},
				"west": {"uv": [0, 0, 1, 11], "texture": "#4"},
				"up": {"uv": [0, 0, 2, 1], "texture": "#4"},
				"down": {"uv": [0, 0, 2, 1], "texture": "#4"}
			}
		},
		{
			"from": [7.5, 1.25, -7.40625],
			"to": [8.5, 1.65625, -7],
			"rotation": {"angle": 0, "axis": "y", "origin": [8, 2.5, -6.875]},
			"faces": {
				"north": {"uv": [0, 0, 4, 1.625], "texture": "#4"},
				"east": {"uv": [0, 0, 1.625, 1.625], "texture": "#4"},
				"south": {"uv": [0, 0, 4, 1.625], "texture": "#4"},
				"west": {"uv": [0, 0, 1.625, 1.625], "texture": "#4"},
				"up": {"uv": [0, 0, 4, 1.625], "texture": "#4"},
				"down": {"uv": [0, 0, 4, 1.625], "texture": "#4"}
			}
		},
		{
			"from": [7.74973, 2.81702, -11.14854],
			"to": [8.24973, 3.81702, -10.89854],
			"rotation": {"angle": -22.5, "axis": "x", "origin": [7.99973, 2.69202, -11.02354]},
			"faces": {
				"north": {"uv": [0, 0, 2, 4], "texture": "#4"},
				"east": {"uv": [0, 0, 1, 4], "texture": "#4"},
				"south": {"uv": [0, 0, 2, 4], "texture": "#4"},
				"west": {"uv": [0, 0, 1, 4], "texture": "#4"},
				"up": {"uv": [0, 0, 2, 1], "texture": "#4"},
				"down": {"uv": [0, 0, 2, 1], "texture": "#4"}
			}
		},
		{
			"from": [7.7495, 0.9949, -11.37008],
			"to": [8.2495, 2.9949, -10.62008],
			"rotation": {"angle": -45, "axis": "x", "origin": [7.9995, 2.4949, -10.74508]},
			"faces": {
				"north": {"uv": [0, 0, 2, 8], "texture": "#4"},
				"east": {"uv": [0, 0, 3, 8], "texture": "#4"},
				"south": {"uv": [0, 0, 2, 8], "texture": "#4"},
				"west": {"uv": [0, 0, 3, 8], "texture": "#4"},
				"up": {"uv": [0, 0, 2, 3], "texture": "#4"},
				"down": {"uv": [0, 0, 2, 3], "texture": "#4"}
			}
		},
		{
			"from": [7.74973, 1.56702, -11.33604],
			"to": [8.24973, 3.16077, -11.08604],
			"rotation": {"angle": 0, "axis": "x", "origin": [7.99973, 2.06702, -11.46104]},
			"faces": {
				"north": {"uv": [0, 0, 2, 6.375], "texture": "#4"},
				"east": {"uv": [0, 0, 1, 6.375], "texture": "#4"},
				"south": {"uv": [0, 0, 2, 6.375], "texture": "#4"},
				"west": {"uv": [0, 0, 1, 6.375], "texture": "#4"},
				"up": {"uv": [0, 0, 2, 1], "texture": "#4"},
				"down": {"uv": [0, 0, 2, 1], "texture": "#4"}
			}
		},
		{
			"from": [7.74973, 1.56702, -11.08604],
			"to": [8.24973, 2.41077, -10.83604],
			"rotation": {"angle": 0, "axis": "x", "origin": [7.99973, 2.06702, -11.46104]},
			"faces": {
				"north": {"uv": [0, 0, 2, 3.375], "texture": "#4"},
				"east": {"uv": [0, 0, 1, 3.375], "texture": "#4"},
				"south": {"uv": [0, 0, 2, 3.375], "texture": "#4"},
				"west": {"uv": [0, 0, 1, 3.375], "texture": "#4"},
				"up": {"uv": [0, 0, 2, 1], "texture": "#4"},
				"down": {"uv": [0, 0, 2, 1], "texture": "#4"}
			}
		},
		{
			"from": [7.93723, 4.31702, -11.58604],
			"to": [8.06223, 4.66077, -11.33604],
			"rotation": {"angle": 0, "axis": "x", "origin": [7.99973, 2.06702, -11.46104]},
			"faces": {
				"north": {"uv": [0, 0, 0.5, 1.375], "texture": "#4"},
				"east": {"uv": [0, 0, 1, 1.375], "texture": "#4"},
				"south": {"uv": [0, 0, 0.5, 1.375], "texture": "#4"},
				"west": {"uv": [0, 0, 1, 1.375], "texture": "#4"},
				"up": {"uv": [0, 0, 0.5, 1], "texture": "#4"},
				"down": {"uv": [0, 0, 0.5, 1], "texture": "#4"}
			}
		},
		{
			"from": [8.09375, 4.51606, -11.58582],
			"to": [8.40625, 4.64106, -11.33582],
			"rotation": {"angle": 45, "axis": "z", "origin": [8.625, 4.51606, -11.46082]},
			"faces": {
				"north": {"uv": [0, 0, 1.25, 0.5], "texture": "#4"},
				"east": {"uv": [0, 0, 1, 0.5], "texture": "#4"},
				"south": {"uv": [0, 0, 1.25, 0.5], "texture": "#4"},
				"west": {"uv": [0, 0, 1, 0.5], "texture": "#4"},
				"up": {"uv": [0, 0, 1.25, 1], "texture": "#4"},
				"down": {"uv": [0, 0, 1.25, 1], "texture": "#4"}
			}
		},
		{
			"from": [8.35736, 4.35892, -11.58582],
			"to": [8.48236, 4.54642, -11.33582],
			"rotation": {"angle": -22.5, "axis": "z", "origin": [8.48236, 4.39017, -11.46082]},
			"faces": {
				"north": {"uv": [0, 0, 0.75, 0.5], "texture": "#4", "rotation": 90},
				"east": {"uv": [0, 0, 0.75, 1], "texture": "#4", "rotation": 270},
				"south": {"uv": [0, 0, 0.75, 0.5], "texture": "#4", "rotation": 270},
				"west": {"uv": [0, 0, 0.75, 1], "texture": "#4", "rotation": 270},
				"up": {"uv": [0, 0, 1, 0.5], "texture": "#4", "rotation": 270},
				"down": {"uv": [0, 0, 1, 0.5], "texture": "#4", "rotation": 270}
			}
		},
		{
			"from": [8.41736, 4.53432, -11.58582],
			"to": [8.54236, 4.78432, -11.33582],
			"rotation": {"angle": 0, "axis": "z", "origin": [8.47986, 4.65932, -11.46082]},
			"faces": {
				"north": {"uv": [0, 0, 1, 0.5], "texture": "#4", "rotation": 90},
				"east": {"uv": [0, 0, 1, 1], "texture": "#4", "rotation": 270},
				"south": {"uv": [0, 0, 1, 0.5], "texture": "#4", "rotation": 270},
				"west": {"uv": [0, 0, 1, 1], "texture": "#4", "rotation": 270},
				"up": {"uv": [0, 0, 1, 0.5], "texture": "#4", "rotation": 270},
				"down": {"uv": [0, 0, 1, 0.5], "texture": "#4", "rotation": 270}
			}
		},
		{
			"from": [7.21201, 4.06027, -11.58355],
			"to": [7.33701, 4.43527, -11.33355],
			"rotation": {"angle": 45, "axis": "z", "origin": [7.46201, 4.77902, -11.45855]},
			"faces": {
				"north": {"uv": [0, 0, 0.375, 0.125], "texture": "#4", "rotation": 90},
				"east": {"uv": [0, 0, 0.375, 0.25], "texture": "#4", "rotation": 270},
				"south": {"uv": [0, 0, 0.375, 0.125], "texture": "#4", "rotation": 270},
				"west": {"uv": [0, 0, 0.375, 0.25], "texture": "#4", "rotation": 270},
				"up": {"uv": [0, 0, 0.25, 0.125], "texture": "#4", "rotation": 270},
				"down": {"uv": [0, 0, 0.25, 0.125], "texture": "#4", "rotation": 270}
			}
		},
		{
			"from": [7.45655, 4.5324, -11.58355],
			"to": [7.58155, 4.7824, -11.33355],
			"rotation": {"angle": 0, "axis": "z", "origin": [7.64405, 4.6574, -11.45855]},
			"faces": {
				"north": {"uv": [0, 0, 1, 0.5], "texture": "#4", "rotation": 90},
				"east": {"uv": [0, 0, 1, 1], "texture": "#4", "rotation": 270},
				"south": {"uv": [0, 0, 1, 0.5], "texture": "#4", "rotation": 270},
				"west": {"uv": [0, 0, 1, 1], "texture": "#4", "rotation": 270},
				"up": {"uv": [0, 0, 1, 0.5], "texture": "#4", "rotation": 270},
				"down": {"uv": [0, 0, 1, 0.5], "texture": "#4", "rotation": 270}
			}
		},
		{
			"from": [7.48767, 4.37596, -11.58355],
			"to": [7.61267, 4.56346, -11.33355],
			"rotation": {"angle": 22.5, "axis": "z", "origin": [7.55017, 4.46971, -11.45855]},
			"faces": {
				"north": {"uv": [0, 0, 0.1875, 0.125], "texture": "#4", "rotation": 90},
				"east": {"uv": [0, 0, 0.1875, 0.25], "texture": "#4", "rotation": 270},
				"south": {"uv": [0, 0, 0.1875, 0.125], "texture": "#4", "rotation": 270},
				"west": {"uv": [0, 0, 0.1875, 0.25], "texture": "#4", "rotation": 270},
				"up": {"uv": [0, 0, 0.25, 0.125], "texture": "#4", "rotation": 270},
				"down": {"uv": [0, 0, 0.25, 0.125], "texture": "#4", "rotation": 270}
			}
		},
		{
			"from": [6.75147, -0.55498, 15.28656],
			"to": [9.25147, 1.32002, 22.03656],
			"rotation": {"angle": 22.5, "axis": "x", "origin": [8.00147, 0.44502, 17.53656]},
			"faces": {
				"north": {"uv": [0, 0, 2.5, 2.75], "texture": "#0"},
				"east": {"uv": [0, 0, 3.75, 2.75], "texture": "#0"},
				"south": {"uv": [0, 0, 2.5, 2.75], "texture": "#0"},
				"west": {"uv": [0, 0, 3.75, 2.75], "texture": "#0"},
				"up": {"uv": [0, 0, 2.5, 3.75], "texture": "#0"},
				"down": {"uv": [0, 0, 2.5, 3.75], "texture": "#0"}
			}
		},
		{
			"from": [6.75308, -2.19966, 21.30846],
			"to": [9.25308, 1.92534, 22.05846],
			"rotation": {"angle": 0, "axis": "x", "origin": [8.00308, -1.26216, 21.68346]},
			"faces": {
				"north": {"uv": [0, 0, 2.5, 2.75], "texture": "#0"},
				"east": {"uv": [0, 0, 3.75, 2.75], "texture": "#0"},
				"south": {"uv": [0, 0, 2.5, 2.75], "texture": "#0"},
				"west": {"uv": [0, 0, 3.75, 2.75], "texture": "#0"},
				"up": {"uv": [0, 0, 2.5, 3.75], "texture": "#0"},
				"down": {"uv": [0, 0, 2.5, 3.75], "texture": "#0"}
			}
		},
		{
			"from": [6.75474, -0.22497, 18.65824],
			"to": [9.25474, 1.40003, 21.72074],
			"rotation": {"angle": -22.5, "axis": "x", "origin": [8.00474, 0.71253, 20.22074]},
			"faces": {
				"north": {"uv": [0, 0, 2.5, 2.75], "texture": "#0"},
				"east": {"uv": [0, 0, 3.75, 2.75], "texture": "#0"},
				"south": {"uv": [0, 0, 2.5, 2.75], "texture": "#0"},
				"west": {"uv": [0, 0, 3.75, 2.75], "texture": "#0"},
				"up": {"uv": [0, 0, 2.5, 3.75], "texture": "#0"},
				"down": {"uv": [0, 0, 2.5, 3.75], "texture": "#0"}
			}
		},
		{
			"from": [6.75474, -0.2427, 16.94071],
			"to": [9.25474, 1.6323, 21.56571],
			"rotation": {"angle": 0, "axis": "x", "origin": [8.00474, 0.6948, 18.50321]},
			"faces": {
				"north": {"uv": [0, 0, 2.5, 2.75], "texture": "#0"},
				"east": {"uv": [0, 0, 3.75, 2.75], "texture": "#0"},
				"south": {"uv": [0, 0, 2.5, 2.75], "texture": "#0"},
				"west": {"uv": [0, 0, 3.75, 2.75], "texture": "#0"},
				"up": {"uv": [0, 0, 2.5, 3.75], "texture": "#0"},
				"down": {"uv": [0, 0, 2.5, 3.75], "texture": "#0"}
			}
		}
	],
	"groups": [0, 1, 2, 3, 4, 5, 6, 7, 8, 9, 10, 11, 12, 13, 14, 15, 16, 17, 18, 19, 20, 21, 22, 23, 24, 25, 26, 27, 28, 29, 30, 31, 32, 33, 34, 35, 36, 37, 38, 39, 40, 41, 42, 43, 44, 45, 46, 47, 48, 49, 50, 51, 52, 53, 54, 55, 56, 57, 58, 59, 60, 61, 62, 63, 64, 65, 66, 67, 68, 69, 70, 71, 72, 73, 74, 75, 76, 77, 78, 79, 80, 81, 82, 83, 84, 85, 86, 87, 88, 89, 90, 91, 92, 93, 94, 95, 96, 97, 98, 99, 100, 101, 102, 103, 104, 105, 106, 107, 108, 109, 110, 111, 112, 113, 114, 115, 116, 117, 118, 119, 120, 121, 122, 123, 124, 125, 126, 127, 128, 129,
		{
			"name": "hexadecagon",
			"isOpen": true,
			"shade": true,
			"display": {
				"visibility": true,
				"autouv": true
			},
			"children": [130, 131, 132, 133, 134, 135, 136, 137, 138, 139, 140, 141, 142, 143]
		}, 144, 145,
		{
			"name": "hexadecagon",
			"isOpen": true,
			"shade": true,
			"display": {
				"visibility": true,
				"autouv": true
			},
			"children": [146, 147, 148, 149, 150, 151, 152, 153]
		},
		{
			"name": "hexadecagon",
			"isOpen": true,
			"shade": true,
			"display": {
				"visibility": true,
				"autouv": true
			},
			"children": [154, 155, 156, 157, 158, 159, 160, 161]
		},
		{
			"name": "hexadecagon",
			"isOpen": true,
			"shade": true,
			"display": {
				"visibility": true,
				"autouv": true
			},
			"children": [162, 163, 164, 165, 166, 167, 168, 169, 170, 171, 172, 173, 174, 175, 176, 177, 178, 179, 180, 181, 182, 183, 184, 185]
		}, 186, 187, 188, 189],
		
"display": {
    "thirdperson_righthand": {
        "rotation": [ 0, 0, 0 ],
        "translation": [ -0.5, 5, -0.5 ],
        "scale": [ 0.6, 0.7, 0.7 ]
    },
    "thirdperson_lefthand": {
        "rotation": [ 0, 0, 0 ],
        "translation": [ -0.5, 5, -0.5 ],
        "scale": [ 0.6, 0.7, 0.7 ]
    },
    "head": {
        "rotation": [ 0, 0, 0 ],
        "translation": [ 0, 0, 0 ],
        "scale": [ 0, 0, 0 ]
    },
    "ground": {
        "rotation": [ 0, 0, 90 ],
        "translation": [ -5, 0, 0 ],
        "scale": [ 0.6, 0.7, 0.8 ]
    },
    "fixed": {
        "rotation": [ 0, -90, 0 ],
        "translation": [ -2, 5, -2 ],
        "scale": [ 0.6, 0.7, 0.85 ]
    },
    "firstperson_righthand": {
        "rotation": [ 0, 0, 0 ],
        "translation": [ 5, 7, -10 ],
        "scale": [ 1.1, 1.2, 1.2 ]
    },
    "firstperson_lefthand": {
        "rotation": [ 0, 0, 0 ],
        "translation": [ 5, 7, -10 ],
        "scale": [ 1.1, 1.2, 1.2 ]
    },
    "gui": {
        "rotation": [ -90, 125, 90 ],
        "translation": [ 3.5, 2, 0 ],
        "scale": [ 0.6, 0.6, 0.6 ]
    }
}
}