{
    "parent": "item/handheld",
    "textures": { "layer0": "items/iron_horse_armor" },
	"overrides": [
			{ "predicate": {"custom_model_data":1}, "model": "guns/01_desert_eagle" },
            { "predicate": {"custom_model_data":2}, "model": "guns/02_ump45" },
			{ "predicate": {"custom_model_data":3}, "model": "guns/03_g18" },
			{ "predicate": {"custom_model_data":4}, "model": "guns/25_int_no" },
			{ "predicate": {"custom_model_data":5}, "model": "guns/24_int" },
			{ "predicate": {"custom_model_data":6}, "model": "guns/06_barr_no" },
			{ "predicate": {"custom_model_data":7}, "model": "guns/07_barr" },
			{ "predicate": {"custom_model_data":8}, "model": "guns/08_m1014" },
			{ "predicate": {"custom_model_data":9}, "model": "guns/09_spas" },
			{ "predicate": {"custom_model_data":10}, "model": "guns/22_m4a1" },
			{ "predicate": {"custom_model_data":11}, "model": "guns/23_scar" },
			{ "predicate": {"custom_model_data":12}, "model": "guns/12_uzi" },
			{ "predicate": {"custom_model_data":13}, "model": "guns/13_pp2000" },
			{ "predicate": {"custom_model_data":14}, "model": "guns/14_magnum" },
			{ "predicate": {"custom_model_data":15}, "model": "guns/15_acr" },
			{ "predicate": {"custom_model_data":16}, "model": "guns/21_ak_47" },
			{ "predicate": {"custom_model_data":17}, "model": "guns/17_semtex" },
			{ "predicate": {"custom_model_data":18}, "model": "guns/18_grenade" },
			{ "predicate": {"custom_model_data":19}, "model": "guns/19_flash" },
			{ "predicate": {"custom_model_data":20}, "model": "guns/20_stun" },
			{ "predicate": {"custom_model_data":21}, "model": "guns/13_pp2000" },
			{ "predicate": {"custom_model_data":22}, "model": "guns/13_pp2000" },
			{ "predicate": {"custom_model_data":23}, "model": "guns/13_pp2000" },
			{ "predicate": {"custom_model_data":24}, "model": "guns/13_pp2000" },
			{ "predicate": {"custom_model_data":25}, "model": "guns/13_pp2000" },
			{ "predicate": {"custom_model_data":26}, "model": "guns/empty" }
           
    ]
}
