{
	"credit": "Made with Blockbench",
	"textures": {
		"0": "guns/printr1",
		"1": "guns/printr2",
		"particle": "guns/printr1"
	},
	"elements": [
		{
			"from": [0.25, 1, 0],
			"to": [16, 16, 16],
			"faces": {
				"north": {"uv": [1, 0, 3, 1.75], "texture": "#0"},
				"east": {"uv": [1, 0, 3, 1.75], "texture": "#0"},
				"south": {"uv": [1, 0, 3, 1.75], "texture": "#0"},
				"west": {"uv": [1, 0, 3, 1.75], "texture": "#0"},
				"up": {"uv": [0, 0, 16, 15.75], "rotation": 270, "texture": "#missing"},
				"down": {"uv": [0, 0, 16, 15.75], "rotation": 90, "texture": "#missing"}
			}
		},
		{
			"from": [-0.25, 1, -0.25],
			"to": [1, 15.75, 1],
			"faces": {
				"north": {"uv": [0, 0, 1.25, 1.25], "texture": "#1"},
				"east": {"uv": [0, 0, 1.25, 1.25], "texture": "#1"},
				"south": {"uv": [0, 0, 1.25, 1.25], "texture": "#1"},
				"west": {"uv": [0, 0, 1.25, 14.75], "texture": "#1"},
				"up": {"uv": [0, 0, 1.25, 1.25], "rotation": 270, "texture": "#1"},
				"down": {"uv": [0, 0, 1.25, 1.25], "rotation": 90, "texture": "#1"}
			}
		},
		{
			"from": [-0.25, 1, 15],
			"to": [1, 15.75, 16.25],
			"rotation": {"angle": 0, "axis": "y", "origin": [8, 8, 23.25]},
			"faces": {
				"north": {"uv": [0, 0, 1.25, 1.25], "texture": "#1"},
				"east": {"uv": [0, 0, 1.25, 1.25], "texture": "#1"},
				"south": {"uv": [0, 0, 1.25, 14.75], "texture": "#1"},
				"west": {"uv": [0, 0, 1.25, 1.25], "texture": "#1"},
				"up": {"uv": [0, 0, 1.25, 1.25], "rotation": 270, "texture": "#1"},
				"down": {"uv": [0, 0, 1.25, 1.25], "rotation": 90, "texture": "#1"}
			}
		},
		{
			"from": [1, 12.9, 15],
			"to": [2.6, 15.75, 16.25],
			"rotation": {"angle": 0, "axis": "y", "origin": [8, 8, 23.25]},
			"faces": {
				"north": {"uv": [0, 0, 1.25, 1.6], "texture": "#1"},
				"east": {"uv": [0, 0, 1.25, 1.6], "texture": "#1"},
				"south": {"uv": [0, 0, 1.25, 1.6], "texture": "#1"},
				"west": {"uv": [0, 0, 1.25, 1.6], "texture": "#1"},
				"up": {"uv": [0, 0, 1.25, 1.6], "rotation": 270, "texture": "#1"},
				"down": {"uv": [0, 0, 1.25, 1.6], "rotation": 90, "texture": "#1"}
			}
		},
		{
			"from": [1, 12.9, -0.25],
			"to": [2.6, 15.75, 1],
			"faces": {
				"north": {"uv": [0, 0, 1.25, 1.6], "texture": "#1"},
				"east": {"uv": [0, 0, 1.25, 1.6], "texture": "#1"},
				"south": {"uv": [0, 0, 1.25, 1.6], "texture": "#1"},
				"west": {"uv": [0, 0, 1.25, 1.6], "texture": "#1"},
				"up": {"uv": [0, 0, 1.25, 1.6], "rotation": 270, "texture": "#1"},
				"down": {"uv": [0, 0, 1.25, 1.6], "rotation": 90, "texture": "#1"}
			}
		},
		{
			"from": [15, 1, 15],
			"to": [16.25, 16, 16.25],
			"rotation": {"angle": 0, "axis": "y", "origin": [23.25, 8, 23.25]},
			"faces": {
				"north": {"uv": [0, 0, 1.25, 1.25], "texture": "#1"},
				"east": {"uv": [0, 0, 1.25, 1.25], "texture": "#1"},
				"south": {"uv": [0, 0, 1.25, 15], "texture": "#1"},
				"west": {"uv": [0, 0, 1.25, 1.25], "texture": "#1"},
				"up": {"uv": [0, 0, 1.25, 1.25], "rotation": 270, "texture": "#1"},
				"down": {"uv": [0, 0, 1.25, 1.25], "rotation": 90, "texture": "#1"}
			}
		},
		{
			"from": [15, 1, -0.25],
			"to": [16.25, 16, 1],
			"rotation": {"angle": 0, "axis": "y", "origin": [23.25, 8, 8]},
			"faces": {
				"north": {"uv": [0, 0, 1.25, 1.25], "texture": "#1"},
				"east": {"uv": [0, 0, 1.25, 15], "texture": "#1"},
				"south": {"uv": [0, 0, 1.25, 1.25], "texture": "#1"},
				"west": {"uv": [0, 0, 1.25, 1.25], "texture": "#1"},
				"up": {"uv": [0, 0, 1.25, 1.25], "rotation": 270, "texture": "#1"},
				"down": {"uv": [0, 0, 1.25, 1.25], "rotation": 90, "texture": "#1"}
			}
		},
		{
			"from": [-0.25, 0, -0.25],
			"to": [16.25, 1, 16.25],
			"rotation": {"angle": 0, "axis": "y", "origin": [23.25, 8, 8]},
			"faces": {
				"north": {"uv": [0, 0, 16, 1], "texture": "#1"},
				"east": {"uv": [0, 0, 16, 1], "texture": "#1"},
				"south": {"uv": [0, 0, 1, 1], "texture": "#1"},
				"west": {"uv": [0, 0, 16, 1], "texture": "#1"},
				"up": {"uv": [0, 0, 1, 1], "rotation": 270, "texture": "#1"},
				"down": {"uv": [0, 0, 1, 1], "rotation": 90, "texture": "#1"}
			}
		},
		{
			"from": [0, 0, 0],
			"to": [1, 16, 2],
			"faces": {
				"north": {"uv": [0, 0, 2, 1], "texture": "#1"},
				"east": {"uv": [0, 0, 2, 1], "texture": "#1"},
				"south": {"uv": [0, 0, 2, 1], "texture": "#1"},
				"west": {"uv": [0, 0, 2, 16], "texture": "#1"},
				"up": {"uv": [0, 0, 2, 1], "rotation": 270, "texture": "#1"},
				"down": {"uv": [0, 0, 2, 1], "rotation": 90, "texture": "#1"}
			}
		},
		{
			"from": [0, 6, 2],
			"to": [1, 7, 14],
			"rotation": {"angle": 0, "axis": "y", "origin": [8, 8, 14]},
			"faces": {
				"north": {"uv": [0, 0, 12, 1], "texture": "#1"},
				"east": {"uv": [0, 0, 12, 1], "texture": "#1"},
				"south": {"uv": [0, 0, 12, 1], "texture": "#1"},
				"west": {"uv": [0, 0, 12, 1], "texture": "#1"},
				"up": {"uv": [0, 0, 12, 1], "rotation": 270, "texture": "#1"},
				"down": {"uv": [0, 0, 12, 1], "rotation": 90, "texture": "#1"}
			}
		},
		{
			"from": [0, 10, 2],
			"to": [1, 16, 14],
			"rotation": {"angle": 0, "axis": "y", "origin": [8, 12, 14]},
			"faces": {
				"north": {"uv": [0, 0, 12, 1], "texture": "#1"},
				"east": {"uv": [0, 0, 12, 1], "texture": "#1"},
				"south": {"uv": [0, 0, 12, 1], "texture": "#1"},
				"west": {"uv": [0, 0, 12, 6], "texture": "#1"},
				"up": {"uv": [0, 0, 12, 1], "rotation": 270, "texture": "#1"},
				"down": {"uv": [0, 0, 12, 1], "rotation": 90, "texture": "#1"}
			}
		},
		{
			"from": [0, 1, 2],
			"to": [1, 3, 14],
			"rotation": {"angle": 0, "axis": "y", "origin": [8, -2, 14]},
			"faces": {
				"north": {"uv": [0, 0, 12, 1], "texture": "#1"},
				"east": {"uv": [0, 0, 12, 1], "texture": "#1"},
				"south": {"uv": [0, 0, 12, 1], "texture": "#1"},
				"west": {"uv": [0, 0, 12, 1], "texture": "#1"},
				"up": {"uv": [0, 0, 12, 1], "rotation": 270, "texture": "#1"},
				"down": {"uv": [0, 0, 12, 1], "rotation": 90, "texture": "#1"}
			}
		},
		{
			"from": [0, 0, 14],
			"to": [1, 16, 16],
			"rotation": {"angle": 0, "axis": "y", "origin": [8, 8, 22]},
			"faces": {
				"north": {"uv": [0, 0, 2, 1], "texture": "#1"},
				"east": {"uv": [0, 0, 2, 1], "texture": "#1"},
				"south": {"uv": [0, 0, 2, 1], "texture": "#1"},
				"west": {"uv": [0, 0, 2, 16], "texture": "#1"},
				"up": {"uv": [0, 0, 2, 1], "rotation": 270, "texture": "#1"},
				"down": {"uv": [0, 0, 2, 1], "rotation": 90, "texture": "#1"}
			}
		},
		{
			"from": [4, 16, -0.25],
			"to": [16.25, 20, 16.25],
			"rotation": {"angle": 0, "axis": "y", "origin": [8, 18, 8]},
			"faces": {
				"north": {"uv": [0, 0, 12.25, 4], "texture": "#1"},
				"east": {"uv": [0, 0, 12.25, 4], "texture": "#1"},
				"south": {"uv": [0, 0, 12.25, 4], "texture": "#1"},
				"west": {"uv": [0, 0, 12.25, 4], "texture": "#1"},
				"up": {"uv": [0, 0, 12.25, 4], "rotation": 270, "texture": "#1"},
				"down": {"uv": [0, 0, 12.25, 4], "rotation": 90, "texture": "#1"}
			}
		},
		{
			"from": [4.75, 16.5, 5.25],
			"to": [15.5, 20.25, 15.5],
			"rotation": {"angle": 0, "axis": "y", "origin": [8, 18.5, 13]},
			"faces": {
				"north": {"uv": [0, 0, 1, 1], "texture": "#0"},
				"east": {"uv": [0, 0, 1, 1], "texture": "#0"},
				"south": {"uv": [0, 0, 1, 1], "texture": "#0"},
				"west": {"uv": [0, 0, 1, 1], "texture": "#0"},
				"up": {"uv": [0, 0, 1, 1], "rotation": 270, "texture": "#0"},
				"down": {"uv": [0, 0, 1, 1], "rotation": 90, "texture": "#0"}
			}
		},
		{
			"from": [4.5, 16.5, 5.25],
			"to": [4.75, 20.5, 15.75],
			"rotation": {"angle": 0, "axis": "y", "origin": [8, 18.5, 13]},
			"faces": {
				"north": {"uv": [5, 0, 15.5, 0.25], "texture": "#0"},
				"east": {"uv": [5, 0, 15.5, 0.25], "texture": "#0"},
				"south": {"uv": [5, 0, 15.5, 0.25], "texture": "#0"},
				"west": {"uv": [5, 0, 15.5, 0.25], "texture": "#0"},
				"up": {"uv": [5, 0, 15.5, 0.25], "rotation": 270, "texture": "#0"},
				"down": {"uv": [5, 0, 15.5, 0.25], "rotation": 90, "texture": "#0"}
			}
		},
		{
			"from": [15.5, 16.5, 5.25],
			"to": [15.75, 20.5, 15.75],
			"rotation": {"angle": 0, "axis": "y", "origin": [19, 18.5, 13]},
			"faces": {
				"north": {"uv": [5, 0, 15.5, 0.25], "texture": "#0"},
				"east": {"uv": [5, 0, 15.5, 0.25], "texture": "#0"},
				"south": {"uv": [5, 0, 15.5, 0.25], "texture": "#0"},
				"west": {"uv": [5, 0, 15.5, 0.25], "texture": "#0"},
				"up": {"uv": [5, 0, 15.5, 0.25], "rotation": 270, "texture": "#0"},
				"down": {"uv": [5, 0, 15.5, 0.25], "rotation": 90, "texture": "#0"}
			}
		},
		{
			"from": [4.5, 16.5, 15.5],
			"to": [15.75, 20.5, 15.75],
			"rotation": {"angle": 0, "axis": "y", "origin": [19, 18.5, 13]},
			"faces": {
				"north": {"uv": [15, 0, 15.25, 11.25], "texture": "#0"},
				"east": {"uv": [15, 0, 15.25, 11.25], "texture": "#0"},
				"south": {"uv": [15, 0, 15.25, 11.25], "texture": "#0"},
				"west": {"uv": [15, 0, 15.25, 11.25], "texture": "#0"},
				"up": {"uv": [15, 0, 15.25, 11.25], "rotation": 270, "texture": "#0"},
				"down": {"uv": [15, 0, 15.25, 11.25], "rotation": 90, "texture": "#0"}
			}
		},
		{
			"from": [4.5, 17.5, 0.25],
			"to": [15.75, 21.5, 5.25],
			"rotation": {"angle": 0, "axis": "y", "origin": [8, 19.5, 8]},
			"faces": {
				"north": {"uv": [1, 0, 2, 1.25], "texture": "#0"},
				"east": {"uv": [1, 0, 2, 1.25], "texture": "#0"},
				"south": {"uv": [1, 0, 2, 1.25], "texture": "#0"},
				"west": {"uv": [1, 0, 2, 1.25], "texture": "#0"},
				"up": {"uv": [1, 0, 2, 1.25], "rotation": 270, "texture": "#0"},
				"down": {"uv": [1, 0, 2, 1.25], "rotation": 90, "texture": "#0"}
			}
		},
		{
			"from": [10, 16.25, 14.75],
			"to": [16, 19, 16.5],
			"rotation": {"angle": 0, "axis": "y", "origin": [8, 18, 8]},
			"faces": {
				"north": {"uv": [15, 0, 15.75, 2], "texture": "#0"},
				"east": {"uv": [15, 0, 15.75, 2], "texture": "#0"},
				"south": {"uv": [14, 0, 16, 0.75], "texture": "#0"},
				"west": {"uv": [15, 0, 15.75, 2], "texture": "#0"},
				"up": {"uv": [15, 0, 15.75, 2], "rotation": 270, "texture": "#0"},
				"down": {"uv": [15, 0, 15.75, 2], "rotation": 90, "texture": "#0"}
			}
		},
		{
			"from": [1.29289, 13.46447, -0.25],
			"to": [5.29289, 19.46447, 6.75],
			"rotation": {"angle": -45, "axis": "z", "origin": [3.29289, 16.46447, 8]},
			"faces": {
				"north": {"uv": [0, 0, 7, 4], "texture": "#1"},
				"east": {"uv": [0, 0, 7, 4], "texture": "#1"},
				"south": {"uv": [0, 0, 7, 4], "texture": "#1"},
				"west": {"uv": [0, 0, 7, 4], "texture": "#1"},
				"up": {"uv": [0, 0, 7, 4], "rotation": 270, "texture": "#1"},
				"down": {"uv": [0, 0, 7, 4], "rotation": 90, "texture": "#1"}
			}
		},
		{
			"from": [1.29289, 13.46447, 13.25],
			"to": [5.29289, 19.46447, 16.25],
			"rotation": {"angle": -45, "axis": "z", "origin": [3.29289, 16.46447, 21.5]},
			"faces": {
				"north": {"uv": [0, 0, 3, 4], "texture": "#1"},
				"east": {"uv": [0, 0, 3, 4], "texture": "#1"},
				"south": {"uv": [0, 0, 4, 6], "texture": "#1"},
				"west": {"uv": [0, 0, 3, 4], "texture": "#1"},
				"up": {"uv": [0, 0, 3, 4], "rotation": 270, "texture": "#1"},
				"down": {"uv": [0, 0, 3, 4], "rotation": 90, "texture": "#1"}
			}
		},
		{
			"from": [1.29289, 18.46447, 6.75],
			"to": [5.29289, 19.46447, 13.25],
			"rotation": {"angle": -45, "axis": "z", "origin": [3.29289, 16.46447, 15]},
			"faces": {
				"north": {"uv": [0, 0, 6.5, 4], "texture": "#1"},
				"east": {"uv": [0, 0, 6.5, 4], "texture": "#1"},
				"south": {"uv": [0, 0, 6.5, 4], "texture": "#1"},
				"west": {"uv": [0, 0, 6.5, 4], "texture": "#1"},
				"up": {"uv": [0, 0, 6.5, 4], "rotation": 270, "texture": "#1"},
				"down": {"uv": [0, 0, 6.5, 4], "rotation": 90, "texture": "#1"}
			}
		},
		{
			"from": [1.29289, 13.46447, 6.75],
			"to": [5.29289, 14.46447, 13.25],
			"rotation": {"angle": -45, "axis": "z", "origin": [3.29289, 16.46447, 15]},
			"faces": {
				"north": {"uv": [0, 0, 6.5, 4], "texture": "#1"},
				"east": {"uv": [0, 0, 6.5, 4], "texture": "#1"},
				"south": {"uv": [0, 0, 6.5, 4], "texture": "#1"},
				"west": {"uv": [0, 0, 6.5, 4], "texture": "#1"},
				"up": {"uv": [0, 0, 6.5, 4], "rotation": 270, "texture": "#1"},
				"down": {"uv": [0, 0, 6.5, 4], "rotation": 90, "texture": "#1"}
			}
		},
		{
			"from": [1.54289, 14.46447, 6.75],
			"to": [4.29289, 18.46447, 13.25],
			"rotation": {"angle": -45, "axis": "z", "origin": [3.29289, 16.46447, 8]},
			"faces": {
				"north": {"uv": [0, 0, 0.5, 0.75], "texture": "#0"},
				"east": {"uv": [0, 0, 0.5, 0.75], "texture": "#0"},
				"south": {"uv": [0, 0, 0.5, 0.75], "texture": "#0"},
				"west": {"uv": [0, 0, 0.5, 0.75], "texture": "#0"},
				"up": {"uv": [0, 0, 0.5, 0.75], "rotation": 270, "texture": "#0"},
				"down": {"uv": [0, 0, 0.5, 0.75], "rotation": 90, "texture": "#0"}
			}
		},
		{
			"from": [1.04289, 14.46447, 1.75],
			"to": [2.04289, 15.46447, 2.75],
			"rotation": {"angle": -45, "axis": "z", "origin": [3.29289, 16.46447, -3]},
			"faces": {
				"north": {"uv": [1, 0, 2, 1], "texture": "#0"},
				"east": {"uv": [1, 0, 2, 1], "texture": "#0"},
				"south": {"uv": [1, 0, 2, 1], "texture": "#0"},
				"west": {"uv": [1, 0, 2, 1], "texture": "#0"},
				"up": {"uv": [1, 0, 2, 1], "texture": "#0"},
				"down": {"uv": [1, 0, 2, 1], "texture": "#0"}
			}
		},
		{
			"from": [1.04289, 14.46447, 3],
			"to": [2.04289, 15.46447, 4],
			"rotation": {"angle": -45, "axis": "z", "origin": [3.29289, 16.46447, -1.75]},
			"faces": {
				"north": {"uv": [1, 0, 2, 1], "texture": "#0"},
				"east": {"uv": [1, 0, 2, 1], "texture": "#0"},
				"south": {"uv": [1, 0, 2, 1], "texture": "#0"},
				"west": {"uv": [1, 0, 2, 1], "texture": "#0"},
				"up": {"uv": [1, 0, 2, 1], "rotation": 270, "texture": "#0"},
				"down": {"uv": [1, 0, 2, 1], "rotation": 90, "texture": "#0"}
			}
		},
		{
			"from": [1.04289, 14.46447, 4.25],
			"to": [2.04289, 15.46447, 5.25],
			"rotation": {"angle": -45, "axis": "z", "origin": [3.29289, 16.46447, -0.5]},
			"faces": {
				"north": {"uv": [1, 0, 2, 1], "texture": "#0"},
				"east": {"uv": [1, 0, 2, 1], "texture": "#0"},
				"south": {"uv": [1, 0, 2, 1], "texture": "#0"},
				"west": {"uv": [1, 0, 2, 1], "texture": "#0"},
				"up": {"uv": [1, 0, 2, 1], "rotation": 270, "texture": "#0"},
				"down": {"uv": [1, 0, 2, 1], "rotation": 90, "texture": "#0"}
			}
		},
		{
			"from": [1.04289, 14.46447, 1.75],
			"to": [2.04289, 15.46447, 2.75],
			"rotation": {"angle": -45, "axis": "z", "origin": [3.29289, 16.46447, -3]},
			"color": 1,
			"faces": {
				"north": {"uv": [0, 0, 1, 1], "texture": "#missing"},
				"east": {"uv": [0, 0, 1, 1], "texture": "#missing"},
				"south": {"uv": [0, 0, 1, 1], "texture": "#missing"},
				"west": {"uv": [0, 0, 1, 1], "texture": "#missing"},
				"up": {"uv": [0, 0, 1, 1], "rotation": 270, "texture": "#missing"},
				"down": {"uv": [0, 0, 1, 1], "rotation": 90, "texture": "#missing"}
			}
		},
		{
			"from": [1.04289, 15.71447, 1.75],
			"to": [2.04289, 16.71447, 2.75],
			"rotation": {"angle": -45, "axis": "z", "origin": [3.29289, 16.46447, -3]},
			"faces": {
				"north": {"uv": [1, 0, 2, 1], "texture": "#0"},
				"east": {"uv": [1, 0, 2, 1], "texture": "#0"},
				"south": {"uv": [1, 0, 2, 1], "texture": "#0"},
				"west": {"uv": [1, 0, 2, 1], "texture": "#0"},
				"up": {"uv": [1, 0, 2, 1], "rotation": 270, "texture": "#0"},
				"down": {"uv": [1, 0, 2, 1], "rotation": 90, "texture": "#0"}
			}
		},
		{
			"from": [1.04289, 15.71447, 3],
			"to": [2.04289, 16.71447, 4],
			"rotation": {"angle": -45, "axis": "z", "origin": [3.29289, 16.46447, -1.75]},
			"faces": {
				"north": {"uv": [1, 0, 2, 1], "texture": "#0"},
				"east": {"uv": [1, 0, 2, 1], "texture": "#0"},
				"south": {"uv": [1, 0, 2, 1], "texture": "#0"},
				"west": {"uv": [1, 0, 2, 1], "texture": "#0"},
				"up": {"uv": [1, 0, 2, 1], "rotation": 270, "texture": "#0"},
				"down": {"uv": [1, 0, 2, 1], "rotation": 90, "texture": "#0"}
			}
		},
		{
			"from": [1.04289, 15.71447, 4.25],
			"to": [2.04289, 16.71447, 5.25],
			"rotation": {"angle": -45, "axis": "z", "origin": [3.29289, 16.46447, -0.5]},
			"faces": {
				"north": {"uv": [1, 0, 2, 1], "texture": "#0"},
				"east": {"uv": [1, 0, 2, 1], "texture": "#0"},
				"south": {"uv": [1, 0, 2, 1], "texture": "#0"},
				"west": {"uv": [1, 0, 2, 1], "texture": "#0"},
				"up": {"uv": [1, 0, 2, 1], "rotation": 270, "texture": "#0"},
				"down": {"uv": [1, 0, 2, 1], "rotation": 90, "texture": "#0"}
			}
		},
		{
			"from": [1.04289, 16.96447, 1.75],
			"to": [2.04289, 17.96447, 2.75],
			"rotation": {"angle": -45, "axis": "z", "origin": [3.29289, 16.46447, -3]},
			"faces": {
				"north": {"uv": [1, 0, 2, 1], "texture": "#0"},
				"east": {"uv": [1, 0, 2, 1], "texture": "#0"},
				"south": {"uv": [1, 0, 2, 1], "texture": "#0"},
				"west": {"uv": [1, 0, 2, 1], "texture": "#0"},
				"up": {"uv": [1, 0, 2, 1], "rotation": 270, "texture": "#0"},
				"down": {"uv": [1, 0, 2, 1], "rotation": 90, "texture": "#0"}
			}
		},
		{
			"from": [1.04289, 16.96447, 3],
			"to": [2.04289, 17.96447, 4],
			"rotation": {"angle": -45, "axis": "z", "origin": [3.29289, 16.46447, -1.75]},
			"faces": {
				"north": {"uv": [1, 0, 2, 1], "texture": "#0"},
				"east": {"uv": [1, 0, 2, 1], "texture": "#0"},
				"south": {"uv": [1, 0, 2, 1], "texture": "#0"},
				"west": {"uv": [1, 0, 2, 1], "texture": "#0"},
				"up": {"uv": [1, 0, 2, 1], "rotation": 270, "texture": "#0"},
				"down": {"uv": [1, 0, 2, 1], "rotation": 90, "texture": "#0"}
			}
		},
		{
			"from": [1.04289, 16.96447, 4.25],
			"to": [2.04289, 17.96447, 5.25],
			"rotation": {"angle": -45, "axis": "z", "origin": [3.29289, 16.46447, -0.5]},
			"faces": {
				"north": {"uv": [1, 0, 2, 1], "texture": "#0"},
				"east": {"uv": [1, 0, 2, 1], "texture": "#0"},
				"south": {"uv": [1, 0, 2, 1], "texture": "#0"},
				"west": {"uv": [1, 0, 2, 1], "texture": "#0"},
				"up": {"uv": [1, 0, 2, 1], "rotation": 270, "texture": "#0"},
				"down": {"uv": [1, 0, 2, 1], "rotation": 90, "texture": "#0"}
			}
		},
		{
			"from": [1.04289, 14.96447, 14.25],
			"to": [2.04289, 15.96447, 15.25],
			"rotation": {"angle": -45, "axis": "z", "origin": [3.29289, 16.46447, 10]},
			"faces": {
				"north": {"uv": [15, 14, 16, 15], "texture": "#0"},
				"east": {"uv": [15, 14, 16, 15], "texture": "#0"},
				"south": {"uv": [15, 14, 16, 15], "texture": "#0"},
				"west": {"uv": [15, 14, 16, 15], "texture": "#0"},
				"up": {"uv": [15, 14, 16, 15], "rotation": 270, "texture": "#0"},
				"down": {"uv": [15, 14, 16, 15], "rotation": 90, "texture": "#0"}
			}
		},
		{
			"from": [1.04289, 16.96447, 14.25],
			"to": [2.04289, 17.96447, 15.25],
			"rotation": {"angle": -45, "axis": "z", "origin": [3.29289, 16.46447, 10]},
			"faces": {
				"north": {"uv": [15, 15, 16, 16], "texture": "#0"},
				"east": {"uv": [15, 15, 16, 16], "texture": "#0"},
				"south": {"uv": [15, 15, 16, 16], "texture": "#0"},
				"west": {"uv": [15, 15, 16, 16], "texture": "#0"},
				"up": {"uv": [15, 15, 16, 16], "rotation": 270, "texture": "#0"},
				"down": {"uv": [15, 15, 16, 16], "rotation": 90, "texture": "#0"}
			}
		},
		{
			"from": [4.5, 22.78763, 4.49387],
			"to": [15.75, 23.53763, 15.49387],
			"rotation": {"angle": -22.5, "axis": "x", "origin": [10.125, 23.16263, 10.24387]},
			"faces": {
				"north": {"uv": [1, 0, 2.5, 1.25], "texture": "#0"},
				"east": {"uv": [1, 0, 2.5, 1.25], "texture": "#0"},
				"south": {"uv": [1, 0, 2.5, 1.25], "texture": "#0"},
				"west": {"uv": [1, 0, 2.5, 1.25], "texture": "#0"},
				"up": {"uv": [1, 0, 2.5, 1.25], "rotation": 270, "texture": "#0"},
				"down": {"uv": [1, 0, 2.5, 1.25], "rotation": 90, "texture": "#0"}
			}
		}
	],
	"display": {
		"thirdperson_righthand": {
			"rotation": [60, 125, 0],
			"scale": [0.3, 0.3, 0.3]
		},
		"thirdperson_lefthand": {
			"rotation": [60, 125, 0],
			"scale": [0.3, 0.3, 0.3]
		},
		"firstperson_righthand": {
			"rotation": [0, 125, 0],
			"scale": [0.3, 0.3, 0.3]
		},
		"firstperson_lefthand": {
			"rotation": [0, 125, 0],
			"scale": [0.3, 0.3, 0.3]
		},
		"ground": {
			"scale": [0.9, 0.9, 0.9]
		},
		"gui": {
			"rotation": [35, -125, 0],
			"scale": [0.6, 0.6, 0.6]
		},
		"fixed": {
			"translation": [0, -2.5, 0],
			"scale": [0.9, 0.9, 0.9]
		}
	},
	"groups": [0, 1, 2, 3, 4, 5, 6, 7, 8, 9, 10, 11, 12, 13, 14, 15, 16, 17, 18, 19,
		{
			"name": "group",
			"origin": [8, 8, 8],
			"children": [20, 21, 22, 23, 24, 25, 26, 27, 28, 29, 30, 31, 32, 33, 34, 35, 36]
		},
		{
			"name": "group",
			"origin": [8, 19.5, 8],
			"children": [37]
		}
	]
}